ticker,cik,company_name,sic_code,status,error
BANK,0001067092,BANK ONE CORP,6021,download_failed,
BANK,0001067092,BANK ONE CORP,6021,error,update_status_file() missing 1 required positional argument: 'ticker'
BANK,0000039394,BANK SOUTH CORP,6021,download_failed,
BANK,0000039394,BANK SOUTH CORP,6021,error,update_status_file() missing 1 required positional argument: 'ticker'
,0000009672,BANKAMERICA CORP,6021,download_failed,
,0000009672,BANKAMERICA CORP,6021,error,update_status_file() missing 1 required positional argument: 'ticker'
,0000036672,BANKBOSTON CORP,6021,download_failed,
,0000036672,BANKBOSTON CORP,6021,error,update_status_file() missing 1 required positional argument: 'ticker'
,0000824719,BANKFIRST CORP,6021,download_failed,
,0000824719,BANKFIRST CORP,6021,error,update_status_file() missing 1 required positional argument: 'ticker'
,0000941622,BANKILLINOIS FINANCIAL CORP,6021,download_failed,
,0000941622,BANKILLINOIS FINANCIAL CORP,6021,error,update_status_file() missing 1 required positional argument: 'ticker'
,0000851105,BANKNORTH GROUP INC /NEW/ /DE/,6021,download_failed,
,0000851105,BANKNORTH GROUP INC /NEW/ /DE/,6021,error,update_status_file() missing 1 required positional argument: 'ticker'
BATH,0000709335,BATH NATIONAL CORP,6021,download_failed,
BATH,0000709335,BATH NATIONAL CORP,6021,error,update_status_file() missing 1 required positional argument: 'ticker'
BAY,0001046406,BAY BANCSHARES INC,6021,download_failed,
BAY,0001046406,BAY BANCSHARES INC,6021,error,update_status_file() missing 1 required positional argument: 'ticker'
BAY,0001089787,BAY NATIONAL CORP,6021,download_failed,
BAY,0001089787,BAY NATIONAL CORP,6021,error,update_status_file() missing 1 required positional argument: 'ticker'
,0000741516,AMERICAN NATIONAL BANKSHARES INC.,6021,download_failed,
,0000741516,AMERICAN NATIONAL BANKSHARES INC.,6021,error,update_status_file() missing 1 required positional argument: 'ticker'
,0000824906,AMERICORP,6021,download_failed,
,0000824906,AMERICORP,6021,error,update_status_file() missing 1 required positional argument: 'ticker'
,0000707605,AMERISERV FINANCIAL INC /PA/,6021,download_failed,
,0000707605,AMERISERV FINANCIAL INC /PA/,6021,error,update_status_file() missing 1 required positional argument: 'ticker'
AMES,0001132651,AMES NATIONAL CORP,6021,download_failed,
AMES,0001132651,AMES NATIONAL CORP,6021,error,update_status_file() missing 1 required positional argument: 'ticker'
ANB,0000760992,ANB CORP,6021,download_failed,
ANB,0000760992,ANB CORP,6021,error,update_status_file() missing 1 required positional argument: 'ticker'
,0001041429,ANNAPOLIS BANCORP INC,6021,download_failed,
,0001041429,ANNAPOLIS BANCORP INC,6021,error,update_status_file() missing 1 required positional argument: 'ticker'
ARROW,0000717538,ARROW FINANCIAL CORP,6021,download_failed,
ARROW,0000717538,ARROW FINANCIAL CORP,6021,error,update_status_file() missing 1 required positional argument: 'ticker'
,0000840016,ATCORP INC,6021,download_failed,
,0000840016,ATCORP INC,6021,error,update_status_file() missing 1 required positional argument: 'ticker'
,0001734342,Amerant Bancorp Inc.,6021,download_failed,
,0001734342,Amerant Bancorp Inc.,6021,error,update_status_file() missing 1 required positional argument: 'ticker'
BANC,0001169770,"BANC OF CALIFORNIA, INC.",6021,download_failed,
BANC,0001169770,"BANC OF CALIFORNIA, INC.",6021,error,update_status_file() missing 1 required positional argument: 'ticker'
BANC,0000036090,BANC ONE CORP /OH/,6021,download_failed,
BANC,0000036090,BANC ONE CORP /OH/,6021,error,update_status_file() missing 1 required positional argument: 'ticker'
,0000760498,BANCFIRST CORP /OK/,6021,download_failed,
,0000760498,BANCFIRST CORP /OK/,6021,error,update_status_file() missing 1 required positional argument: 'ticker'
,0000868572,BANCFIRST OHIO CORP,6021,download_failed,
,0000868572,BANCFIRST OHIO CORP,6021,error,update_status_file() missing 1 required positional argument: 'ticker'
,0001109525,BANCORP RHODE ISLAND INC,6021,download_failed,
,0001109525,BANCORP RHODE ISLAND INC,6021,error,update_status_file() missing 1 required positional argument: 'ticker'
,0000783739,BANCTRUST FINANCIAL GROUP INC,6021,download_failed,
,0000783739,BANCTRUST FINANCIAL GROUP INC,6021,error,update_status_file() missing 1 required positional argument: 'ticker'
BANK,0000070858,BANK OF AMERICA CORP /DE/,6021,download_failed,
BANK,0000070858,BANK OF AMERICA CORP /DE/,6021,error,update_status_file() missing 1 required positional argument: 'ticker'
BANK,0001082368,BANK OF FLORIDA CORP,6021,download_failed,
BANK,0001082368,BANK OF FLORIDA CORP,6021,error,update_status_file() missing 1 required positional argument: 'ticker'
BANK,0000071322,BANK OF NEW ENGLAND CORP,6021,download_failed,
BANK,0000071322,BANK OF NEW ENGLAND CORP,6021,error,update_status_file() missing 1 required positional argument: 'ticker'
BANK,0001088801,BANK ONE CAPITAL II,6021,download_failed,
BANK,0001088801,BANK ONE CAPITAL II,6021,error,update_status_file() missing 1 required positional argument: 'ticker'
BANK,0001088804,BANK ONE CAPITAL V,6021,download_failed,
BANK,0001088804,BANK ONE CAPITAL V,6021,error,update_status_file() missing 1 required positional argument: 'ticker'
,0001060523,CARDINAL FINANCIAL CORP,6021,download_failed,
,0001060523,CARDINAL FINANCIAL CORP,6021,error,update_status_file() missing 1 required positional argument: 'ticker'
,0000753745,CARLINVILLE NATIONAL BANK SHARES INC/DE,6021,download_failed,
,0000753745,CARLINVILLE NATIONAL BANK SHARES INC/DE,6021,error,update_status_file() missing 1 required positional argument: 'ticker'
,0000915277,CARNEGIE BANCORP,6021,download_failed,
,0000915277,CARNEGIE BANCORP,6021,error,update_status_file() missing 1 required positional argument: 'ticker'
,0001157648,CAROLINA NATIONAL CORP,6021,download_failed,
,0001157648,CAROLINA NATIONAL CORP,6021,error,update_status_file() missing 1 required positional argument: 'ticker'
CB&T,0001094059,CB&T HOLDING CORP,6021,download_failed,
CB&T,0001094059,CB&T HOLDING CORP,6021,error,update_status_file() missing 1 required positional argument: 'ticker'
CCBT,0001074972,CCBT FINANCIAL COMPANIES INC,6021,download_failed,
CCBT,0001074972,CCBT FINANCIAL COMPANIES INC,6021,error,update_status_file() missing 1 required positional argument: 'ticker'
,0001099932,CENTRA FINANCIAL HOLDINGS INC,6021,download_failed,
,0001099932,CENTRA FINANCIAL HOLDINGS INC,6021,error,update_status_file() missing 1 required positional argument: 'ticker'
,0000276235,CENTRAL FIDELITY BANKS INC,6021,download_failed,
,0000276235,CENTRAL FIDELITY BANKS INC,6021,error,update_status_file() missing 1 required positional argument: 'ticker'
,0001172353,CENTRAL JERSEY BANCORP,6021,download_failed,
,0001172353,CENTRAL JERSEY BANCORP,6021,error,update_status_file() missing 1 required positional argument: 'ticker'
,0001019650,CENTRUE FINANCIAL CORP,6021,download_failed,
,0001019650,CENTRUE FINANCIAL CORP,6021,error,update_status_file() missing 1 required positional argument: 'ticker'
,0001132515,CHESTERFIELD FINANCIAL CORP,6021,download_failed,
,0001132515,CHESTERFIELD FINANCIAL CORP,6021,error,update_status_file() missing 1 required positional argument: 'ticker'
,0001248124,CHEVIOT FINANCIAL CORP,6021,download_failed,
,0001248124,CHEVIOT FINANCIAL CORP,6021,error,update_status_file() missing 1 required positional argument: 'ticker'
CIT,0001171825,CIT GROUP INC,6021,download_failed,
CIT,0001171825,CIT GROUP INC,6021,error,update_status_file() missing 1 required positional argument: 'ticker'
CITI,0000715991,CITI BANCSHARES INC,6021,download_failed,
CITI,0000715991,CITI BANCSHARES INC,6021,error,update_status_file() missing 1 required positional argument: 'ticker'
,0000020405,CITICORP,6021,download_failed,
,0000020405,CITICORP,6021,error,update_status_file() missing 1 required positional argument: 'ticker'
,0000831001,CITIGROUP INC,6021,download_failed,
,0000831001,CITIGROUP INC,6021,error,update_status_file() missing 1 required positional argument: 'ticker'
,0001273805,CITIZENS COMMUNITY BANCORP,6021,download_failed,
,0001273805,CITIZENS COMMUNITY BANCORP,6021,error,update_status_file() missing 1 required positional argument: 'ticker'
,0001049489,CITIZENS EFFINGHAM BANCSHARES INC,6021,download_failed,
,0001049489,CITIZENS EFFINGHAM BANCSHARES INC,6021,error,update_status_file() missing 1 required positional argument: 'ticker'
,0000764156,CITIZENS FINANCIAL CORP/DE/,6021,download_failed,
,0000764156,CITIZENS FINANCIAL CORP/DE/,6021,error,update_status_file() missing 1 required positional argument: 'ticker'
,0000702163,CITIZENS FIRST BANCORP INC /NJ/,6021,download_failed,
,0000702163,CITIZENS FIRST BANCORP INC /NJ/,6021,error,update_status_file() missing 1 required positional argument: 'ticker'
,0000785813,CENTURY BANCSHARES INC,6021,download_failed,
,0000785813,CENTURY BANCSHARES INC,6021,error,update_status_file() missing 1 required positional argument: 'ticker'
,0000820414,CENTURY FINANCIAL CORP,6021,download_failed,
,0000820414,CENTURY FINANCIAL CORP,6021,error,update_status_file() missing 1 required positional argument: 'ticker'
,0000357105,CENTURY SOUTH BANKS INC,6021,download_failed,
,0000357105,CENTURY SOUTH BANKS INC,6021,error,update_status_file() missing 1 required positional argument: 'ticker'
,0001492654,"CERTUSHOLDINGS, INC.",6021,download_failed,
,0001492654,"CERTUSHOLDINGS, INC.",6021,error,update_status_file() missing 1 required positional argument: 'ticker'
CF,0001070680,CF BANKSHARES INC.,6021,download_failed,
CF,0001070680,CF BANKSHARES INC.,6021,error,update_status_file() missing 1 required positional argument: 'ticker'
CHAIN,0001392272,CHAIN BRIDGE BANCORP INC,6021,download_failed,
CHAIN,0001392272,CHAIN BRIDGE BANCORP INC,6021,error,update_status_file() missing 1 required positional argument: 'ticker'
,0000819692,CHARTER ONE FINANCIAL INC,6021,download_failed,
,0000819692,CHARTER ONE FINANCIAL INC,6021,error,update_status_file() missing 1 required positional argument: 'ticker'
CHASE,0000019489,CHASE MANHATTAN CORP,6021,download_failed,
CHASE,0000019489,CHASE MANHATTAN CORP,6021,error,update_status_file() missing 1 required positional argument: 'ticker'
,0001077535,CHEROKEE BANKING CO,6021,download_failed,
,0001077535,CHEROKEE BANKING CO,6021,error,update_status_file() missing 1 required positional argument: 'ticker'
,0000847538,CHESAPEAKE FINANCIAL SHARES INC,6021,download_failed,
,0000847538,CHESAPEAKE FINANCIAL SHARES INC,6021,error,update_status_file() missing 1 required positional argument: 'ticker'
,0001115191,COLORADO BUSINESS BANKSHARES CAPITAL TRUST I,6021,download_failed,
,0001115191,COLORADO BUSINESS BANKSHARES CAPITAL TRUST I,6021,error,update_status_file() missing 1 required positional argument: 'ticker'
,0000028412,COMERICA INC /NEW/,6021,download_failed,
,0000028412,COMERICA INC /NEW/,6021,error,update_status_file() missing 1 required positional argument: 'ticker'
,0000715096,COMMERCE BANCORP INC /NJ/,6021,download_failed,
,0000715096,COMMERCE BANCORP INC /NJ/,6021,error,update_status_file() missing 1 required positional argument: 'ticker'
,0000773319,COMMERCE NATIONAL CORP,6021,download_failed,
,0000773319,COMMERCE NATIONAL CORP,6021,error,update_status_file() missing 1 required positional argument: 'ticker'
,0001098813,COMMERCEFIRST BANCORP INC,6021,download_failed,
,0001098813,COMMERCEFIRST BANCORP INC,6021,error,update_status_file() missing 1 required positional argument: 'ticker'
,0000726738,COMMERCIAL BANCSHARES INC /WV/,6021,download_failed,
,0000726738,COMMERCIAL BANCSHARES INC /WV/,6021,error,update_status_file() missing 1 required positional argument: 'ticker'
,0000835012,COMMONWEALTH BANKSHARES INC,6021,download_failed,
,0000835012,COMMONWEALTH BANKSHARES INC,6021,error,update_status_file() missing 1 required positional argument: 'ticker'
,0000718413,COMMUNITY BANCORP /VT,6021,download_failed,
,0000718413,COMMUNITY BANCORP /VT,6021,error,update_status_file() missing 1 required positional argument: 'ticker'
,0001089503,COMMUNITY BANCORP INC,6021,download_failed,
,0001089503,COMMUNITY BANCORP INC,6021,error,update_status_file() missing 1 required positional argument: 'ticker'
,0000742170,COMMUNITY BANCORP INC /MA/,6021,download_failed,
,0000742170,COMMUNITY BANCORP INC /MA/,6021,error,update_status_file() missing 1 required positional argument: 'ticker'
,0000867241,COMMUNITY BANCSHARES INC /NC/,6021,download_failed,
,0000867241,COMMUNITY BANCSHARES INC /NC/,6021,error,update_status_file() missing 1 required positional argument: 'ticker'
,0001180050,COMMUNITY BANCSHARES OF WEST GEORGIA INC,6021,download_failed,
,0001180050,COMMUNITY BANCSHARES OF WEST GEORGIA INC,6021,error,update_status_file() missing 1 required positional argument: 'ticker'
,0000714710,COMMUNITY BANKS INC /PA/,6021,download_failed,
,0000714710,COMMUNITY BANKS INC /PA/,6021,error,update_status_file() missing 1 required positional argument: 'ticker'
,0001273555,COMMUNITY BANKS OF GEORGIA INC,6021,download_failed,
,0001273555,COMMUNITY BANKS OF GEORGIA INC,6021,error,update_status_file() missing 1 required positional argument: 'ticker'
,0001074369,COMMUNITY CAPITAL BANCSHARES INC,6021,download_failed,
,0001074369,COMMUNITY CAPITAL BANCSHARES INC,6021,error,update_status_file() missing 1 required positional argument: 'ticker'
,0000832847,COMMUNITY CAPITAL CORP /SC/,6021,download_failed,
,0000832847,COMMUNITY CAPITAL CORP /SC/,6021,error,update_status_file() missing 1 required positional argument: 'ticker'
,0001174786,COMMUNITY FINANCIAL HOLDING CO INC,6021,download_failed,
,0001174786,COMMUNITY FINANCIAL HOLDING CO INC,6021,error,update_status_file() missing 1 required positional argument: 'ticker'
,0000872401,COMMUNITY FINANCIAL HOLDING CORPORATION,6021,download_failed,
,0000872401,COMMUNITY FINANCIAL HOLDING CORPORATION,6021,error,update_status_file() missing 1 required positional argument: 'ticker'
,0000723188,"COMMUNITY FINANCIAL SYSTEM, INC.",6021,download_failed,
,0000723188,"COMMUNITY FINANCIAL SYSTEM, INC.",6021,error,update_status_file() missing 1 required positional argument: 'ticker'
,0001176266,COMMUNITY FIRST FINANCIAL CORP,6021,download_failed,
,0001176266,COMMUNITY FIRST FINANCIAL CORP,6021,error,update_status_file() missing 1 required positional argument: 'ticker'
,0000760993,COMMUNITY INDEPENDENT BANK INC,6021,download_failed,
,0000760993,COMMUNITY INDEPENDENT BANK INC,6021,error,update_status_file() missing 1 required positional argument: 'ticker'
,0000855386,COMMUNITY NATIONAL BANCORPORATION,6021,download_failed,
,0000855386,COMMUNITY NATIONAL BANCORPORATION,6021,error,update_status_file() missing 1 required positional argument: 'ticker'
,0001124184,COMMUNITY NATIONAL CORP /OH,6021,download_failed,
,0001124184,COMMUNITY NATIONAL CORP /OH,6021,error,update_status_file() missing 1 required positional argument: 'ticker'
,0001020347,COMMUNITYCORP,6021,download_failed,
,0001020347,COMMUNITYCORP,6021,error,update_status_file() missing 1 required positional argument: 'ticker'
,0000018568,COMPASS BANCSHARES INC,6021,download_failed,
,0000018568,COMPASS BANCSHARES INC,6021,error,update_status_file() missing 1 required positional argument: 'ticker'
,0000823246,COMSOUTH BANKSHARES INC,6021,download_failed,
,0000823246,COMSOUTH BANKSHARES INC,6021,error,update_status_file() missing 1 required positional argument: 'ticker'
,0001006830,CONSUMERS BANCORP INC /OH/,6021,download_failed,
,0001006830,CONSUMERS BANCORP INC /OH/,6021,error,update_status_file() missing 1 required positional argument: 'ticker'
,0000024058,CONTINENTAL BANK CORP,6021,download_failed,
,0000024058,CONTINENTAL BANK CORP,6021,error,update_status_file() missing 1 required positional argument: 'ticker'
,0000069952,CORESTATES FINANCIAL CORP,6021,download_failed,
,0000069952,CORESTATES FINANCIAL CORP,6021,error,update_status_file() missing 1 required positional argument: 'ticker'
,0001079385,CORNERSTONE BANCORP INC,6021,download_failed,
,0001079385,CORNERSTONE BANCORP INC,6021,error,update_status_file() missing 1 required positional argument: 'ticker'
,0001087455,CORNERSTONE BANCORP/SC,6021,download_failed,
,0001087455,CORNERSTONE BANCORP/SC,6021,error,update_status_file() missing 1 required positional argument: 'ticker'
CORUS,0000051939,CORUS BANKSHARES INC,6021,download_failed,
CORUS,0000051939,CORUS BANKSHARES INC,6021,error,update_status_file() missing 1 required positional argument: 'ticker'
,0000885694,COVEST BANCSHARES INC,6021,download_failed,
,0000885694,COVEST BANCSHARES INC,6021,error,update_status_file() missing 1 required positional argument: 'ticker'
,0001094061,CRESCENT CAPITAL TRUST I,6021,download_failed,
,0001094061,CRESCENT CAPITAL TRUST I,6021,error,update_status_file() missing 1 required positional argument: 'ticker'
,0000101880,CRESTAR FINANCIAL CORP,6021,download_failed,
,0000101880,CRESTAR FINANCIAL CORP,6021,error,update_status_file() missing 1 required positional argument: 'ticker'
CU,0000356050,CU BANCORP,6021,download_failed,
CU,0000356050,CU BANCORP,6021,error,update_status_file() missing 1 required positional argument: 'ticker'
CU,0001543643,CU Bancorp,6021,download_failed,
CU,0001543643,CU Bancorp,6021,error,update_status_file() missing 1 required positional argument: 'ticker'
,0000039263,"CULLEN/FROST BANKERS, INC.",6021,download_failed,
,0000039263,"CULLEN/FROST BANKERS, INC.",6021,error,update_status_file() missing 1 required positional argument: 'ticker'
,0000757790,CUPERTINO NATIONAL BANCORP,6021,download_failed,
,0000757790,CUPERTINO NATIONAL BANCORP,6021,error,update_status_file() missing 1 required positional argument: 'ticker'
,0001614184,Cadence Bancorporation,6021,download_failed,
,0001614184,Cadence Bancorporation,6021,error,update_status_file() missing 1 required positional argument: 'ticker'
,0001317019,Colonial Bankshares Inc,6021,download_failed,
,0001317019,Colonial Bankshares Inc,6021,error,update_status_file() missing 1 required positional argument: 'ticker'
,0001304366,Community Bancorp,6021,download_failed,
,0001304366,Community Bancorp,6021,error,update_status_file() missing 1 required positional argument: 'ticker'
,0000764811,CommunityOne Bancorp,6021,download_failed,
,0000764811,CommunityOne Bancorp,6021,error,update_status_file() missing 1 required positional argument: 'ticker'
,0001295879,CommunitySouth Financial CORP,6021,download_failed,
,0001295879,CommunitySouth Financial CORP,6021,error,update_status_file() missing 1 required positional argument: 'ticker'
,0001448324,Cornerstone Financial Corp,6021,download_failed,
,0001448324,Cornerstone Financial Corp,6021,error,update_status_file() missing 1 required positional argument: 'ticker'
,0001267970,DEKALB BANKSHARES INC,6021,download_failed,
,0001267970,DEKALB BANKSHARES INC,6021,error,update_status_file() missing 1 required positional argument: 'ticker'
,0000763827,DELAWARE NATIONAL BANKSHARES CORP,6021,download_failed,
,0000763827,DELAWARE NATIONAL BANKSHARES CORP,6021,error,update_status_file() missing 1 required positional argument: 'ticker'
DELTA,0000706343,DELTA NATIONAL BANCORP,6021,download_failed,
DELTA,0000706343,DELTA NATIONAL BANCORP,6021,error,update_status_file() missing 1 required positional argument: 'ticker'
,0000028209,DEPOSIT GUARANTY CORP,6021,download_failed,
,0000028209,DEPOSIT GUARANTY CORP,6021,error,update_status_file() missing 1 required positional argument: 'ticker'
DNB,0000713671,DNB FINANCIAL CORP /PA/,6021,download_failed,
DNB,0000713671,DNB FINANCIAL CORP /PA/,6021,error,update_status_file() missing 1 required positional argument: 'ticker'
,0001795815,California BanCorp \ CA,6021,download_failed,
,0001795815,California BanCorp \ CA,6021,error,update_status_file() missing 1 required positional argument: 'ticker'
,0001363569,Canyon Bancorp,6021,download_failed,
,0001363569,Canyon Bancorp,6021,error,update_status_file() missing 1 required positional argument: 'ticker'
,0001334872,Cape Fear Bank CORP,6021,download_failed,
,0001334872,Cape Fear Bank CORP,6021,error,update_status_file() missing 1 required positional argument: 'ticker'
,0001419536,Capital Bancorp Inc,6021,download_failed,
,0001419536,Capital Bancorp Inc,6021,error,update_status_file() missing 1 required positional argument: 'ticker'
,0001479750,Capital Bank Financial Corp.,6021,download_failed,
,0001479750,Capital Bank Financial Corp.,6021,error,update_status_file() missing 1 required positional argument: 'ticker'
,0001829576,"Carter Bankshares, Inc.",6021,download_failed,
,0001829576,"Carter Bankshares, Inc.",6021,error,update_status_file() missing 1 required positional argument: 'ticker'
,0001102266,CenterState Bank Corp,6021,download_failed,
,0001102266,CenterState Bank Corp,6021,error,update_status_file() missing 1 required positional argument: 'ticker'
,0001365794,Chino Commercial Bancorp,6021,download_failed,
,0001365794,Chino Commercial Bancorp,6021,error,update_status_file() missing 1 required positional argument: 'ticker'
,0001300335,Coastal Bancshares Acquisition Corp.,6021,download_failed,
,0001300335,Coastal Bancshares Acquisition Corp.,6021,error,update_status_file() missing 1 required positional argument: 'ticker'
,0001437213,"Coastal Carolina Bancshares, Inc.",6021,download_failed,
,0001437213,"Coastal Carolina Bancshares, Inc.",6021,error,update_status_file() missing 1 required positional argument: 'ticker'
,0000351521,EVERGREEN BANCORP INC,6021,download_failed,
,0000351521,EVERGREEN BANCORP INC,6021,error,update_status_file() missing 1 required positional argument: 'ticker'
,0000930199,EVERGREEN BANCSHARES INC,6021,download_failed,
,0000930199,EVERGREEN BANCSHARES INC,6021,error,update_status_file() missing 1 required positional argument: 'ticker'
,0001088514,EVERTRUST FINANCIAL GROUP INC,6021,download_failed,
,0001088514,EVERTRUST FINANCIAL GROUP INC,6021,error,update_status_file() missing 1 required positional argument: 'ticker'
,0001319327,Encore Bancshares Inc,6021,download_failed,
,0001319327,Encore Bancshares Inc,6021,error,update_status_file() missing 1 required positional argument: 'ticker'
F&M,0000034125,F&M NATIONAL CORP,6021,download_failed,
F&M,0000034125,F&M NATIONAL CORP,6021,error,update_status_file() missing 1 required positional argument: 'ticker'
,0001085913,FARMERS & MERCHANTS BANCORP,6021,download_failed,
,0001085913,FARMERS & MERCHANTS BANCORP,6021,error,update_status_file() missing 1 required positional argument: 'ticker'
,0000713095,FARMERS CAPITAL BANK CORP,6021,download_failed,
,0000713095,FARMERS CAPITAL BANK CORP,6021,error,update_status_file() missing 1 required positional argument: 'ticker'
,0000700850,FARMERS NATIONAL BANCORP /MD/,6021,download_failed,
,0000700850,FARMERS NATIONAL BANCORP /MD/,6021,error,update_status_file() missing 1 required positional argument: 'ticker'
,0000700946,FARMERS NATIONAL BANCORP INC /DE/,6021,download_failed,
,0000700946,FARMERS NATIONAL BANCORP INC /DE/,6021,error,update_status_file() missing 1 required positional argument: 'ticker'
FCB,0001143158,FCB FINANCIAL CORP,6021,download_failed,
FCB,0001143158,FCB FINANCIAL CORP,6021,error,update_status_file() missing 1 required positional argument: 'ticker'
FCB,0001476651,"FCB FINANCIAL HOLDINGS, INC.",6021,download_failed,
FCB,0001476651,"FCB FINANCIAL HOLDINGS, INC.",6021,error,update_status_file() missing 1 required positional argument: 'ticker'
FGBC,0001360581,"FGBC Bancshares, Inc.",6021,download_failed,
FGBC,0001360581,"FGBC Bancshares, Inc.",6021,error,update_status_file() missing 1 required positional argument: 'ticker'
,0001098151,FIDELITY D & D BANCORP INC,6021,download_failed,
,0001098151,FIDELITY D & D BANCORP INC,6021,error,update_status_file() missing 1 required positional argument: 'ticker'
,0000862831,FINANCIAL INSTITUTIONS INC,6021,download_failed,
,0000862831,FINANCIAL INSTITUTIONS INC,6021,error,update_status_file() missing 1 required positional argument: 'ticker'
,0000702508,FINANCIAL TRUST CORP,6021,download_failed,
,0000702508,FINANCIAL TRUST CORP,6021,error,update_status_file() missing 1 required positional argument: 'ticker'
FIRST,0000036068,FIRST AMERICAN CORP /TN/,6021,download_failed,
FIRST,0000036068,FIRST AMERICAN CORP /TN/,6021,error,update_status_file() missing 1 required positional argument: 'ticker'
FIRST,0000947559,FIRST BANCSHARES INC /MS/,6021,download_failed,
FIRST,0000947559,FIRST BANCSHARES INC /MS/,6021,error,update_status_file() missing 1 required positional argument: 'ticker'
FIRST,0000310979,FIRST BANKS AMERICA INC,6021,download_failed,
FIRST,0000310979,FIRST BANKS AMERICA INC,6021,error,update_status_file() missing 1 required positional argument: 'ticker'
FIRST,0001075705,FIRST CAPITAL BANCSHARES INC /SC/,6021,download_failed,
FIRST,0001075705,FIRST CAPITAL BANCSHARES INC /SC/,6021,error,update_status_file() missing 1 required positional argument: 'ticker'
FIRST,0001074560,FIRST CAPITAL BANK HOLDING CORP,6021,download_failed,
FIRST,0001074560,FIRST CAPITAL BANK HOLDING CORP,6021,error,update_status_file() missing 1 required positional argument: 'ticker'
FIRST,0001141045,FIRST COMMERCE CORP,6021,download_failed,
FIRST,0001141045,FIRST COMMERCE CORP,6021,error,update_status_file() missing 1 required positional argument: 'ticker'
FIRST,0000036204,FIRST COMMERCE CORP /LA/,6021,download_failed,
FIRST,0000036204,FIRST COMMERCE CORP /LA/,6021,error,update_status_file() missing 1 required positional argument: 'ticker'
FIRST,0000316769,FIRST COMMERCIAL CORP,6021,download_failed,
FIRST,0000316769,FIRST COMMERCIAL CORP,6021,error,update_status_file() missing 1 required positional argument: 'ticker'
FIRST,0000712537,FIRST COMMONWEALTH FINANCIAL CORP /PA/,6021,download_failed,
FIRST,0000712537,FIRST COMMONWEALTH FINANCIAL CORP /PA/,6021,error,update_status_file() missing 1 required positional argument: 'ticker'
FIRST,0000763293,FIRST COMMUNITY FINANCIAL CORP,6021,download_failed,
FIRST,0000763293,FIRST COMMUNITY FINANCIAL CORP,6021,error,update_status_file() missing 1 required positional argument: 'ticker'
FIRST,0000278138,FIRST EVERGREEN CORP,6021,download_failed,
FIRST,0000278138,FIRST EVERGREEN CORP,6021,error,update_status_file() missing 1 required positional argument: 'ticker'
FIRST,0001100553,FIRST FEDERAL OF OLATHE BANCORP INC,6021,download_failed,
FIRST,0001100553,FIRST FEDERAL OF OLATHE BANCORP INC,6021,error,update_status_file() missing 1 required positional argument: 'ticker'
FIRST,0000823870,FIRST FIDELITY BANCORPORATION /NJ/,6021,download_failed,
FIRST,0000823870,FIRST FIDELITY BANCORPORATION /NJ/,6021,error,update_status_file() missing 1 required positional argument: 'ticker'
FIRST,0000708955,FIRST FINANCIAL BANCORP /OH/,6021,download_failed,
FIRST,0000708955,FIRST FINANCIAL BANCORP /OH/,6021,error,update_status_file() missing 1 required positional argument: 'ticker'
FIRST,0000036966,FIRST HORIZON CORP,6021,download_failed,
FIRST,0000036966,FIRST HORIZON CORP,6021,error,update_status_file() missing 1 required positional argument: 'ticker'
FIRST,0001124676,FIRST CENTURY BANCORP.,6021,download_failed,
FIRST,0001124676,FIRST CENTURY BANCORP.,6021,error,update_status_file() missing 1 required positional argument: 'ticker'
FIRST,0000717306,FIRST CHARTER CORP /NC/,6021,download_failed,
FIRST,0000717306,FIRST CHARTER CORP /NC/,6021,error,update_status_file() missing 1 required positional argument: 'ticker'
FIRST,0000744126,FIRST CHESTER COUNTY CORP,6021,download_failed,
FIRST,0000744126,FIRST CHESTER COUNTY CORP,6021,error,update_status_file() missing 1 required positional argument: 'ticker'
FIRST,0000036161,FIRST CHICAGO CORP,6021,download_failed,
FIRST,0000036161,FIRST CHICAGO CORP,6021,error,update_status_file() missing 1 required positional argument: 'ticker'
FIRST,0000070040,FIRST CHICAGO NBD CORP,6021,download_failed,
FIRST,0000070040,FIRST CHICAGO NBD CORP,6021,error,update_status_file() missing 1 required positional argument: 'ticker'
FIRST,0000826328,FIRST CITIZENS BANCSTOCK INC,6021,download_failed,
FIRST,0000826328,FIRST CITIZENS BANCSTOCK INC,6021,error,update_status_file() missing 1 required positional argument: 'ticker'
FIRST,0001013047,FIRST CITY LIQUIDATING TRUST,6021,download_failed,
FIRST,0001013047,FIRST CITY LIQUIDATING TRUST,6021,error,update_status_file() missing 1 required positional argument: 'ticker'
FIRST,0001073932,FIRST COASTAL BANCSHARES,6021,download_failed,
FIRST,0001073932,FIRST COASTAL BANCSHARES,6021,error,update_status_file() missing 1 required positional argument: 'ticker'
FIRST,0000714719,FIRST COLONIAL GROUP INC,6021,download_failed,
FIRST,0000714719,FIRST COLONIAL GROUP INC,6021,error,update_status_file() missing 1 required positional argument: 'ticker'
FIRST,0000768532,FIRST COMMERCE BANCSHARES INC,6021,download_failed,
FIRST,0000768532,FIRST COMMERCE BANCSHARES INC,6021,error,update_status_file() missing 1 required positional argument: 'ticker'
FIRST,0000745140,FIRST INDEPENDENCE CORP,6021,download_failed,
FIRST,0000745140,FIRST INDEPENDENCE CORP,6021,error,update_status_file() missing 1 required positional argument: 'ticker'
FIRST,0000105982,FIRST INTERSTATE BANCORP /DE/,6021,download_failed,
FIRST,0000105982,FIRST INTERSTATE BANCORP /DE/,6021,error,update_status_file() missing 1 required positional argument: 'ticker'
FIRST,0000885979,FIRST IPSWICH BANCORP /MA,6021,download_failed,
FIRST,0000885979,FIRST IPSWICH BANCORP /MA,6021,error,update_status_file() missing 1 required positional argument: 'ticker'
FIRST,0000756899,FIRST KNOX BANC CORP,6021,download_failed,
FIRST,0000756899,FIRST KNOX BANC CORP,6021,error,update_status_file() missing 1 required positional argument: 'ticker'
FIRST,0000741562,FIRST LIBERTY BANK CORP,6021,download_failed,
FIRST,0000741562,FIRST LIBERTY BANK CORP,6021,error,update_status_file() missing 1 required positional argument: 'ticker'
FIRST,0000840886,FIRST LITCHFIELD FINANCIAL CORP,6021,download_failed,
FIRST,0000840886,FIRST LITCHFIELD FINANCIAL CORP,6021,error,update_status_file() missing 1 required positional argument: 'ticker'
FIRST,0000743397,FIRST MCMINNVILLE CORP,6021,download_failed,
FIRST,0000743397,FIRST MCMINNVILLE CORP,6021,error,update_status_file() missing 1 required positional argument: 'ticker'
FIRST,0000804128,FIRST MERCHANTS BANCORP INC,6021,download_failed,
FIRST,0000804128,FIRST MERCHANTS BANCORP INC,6021,error,update_status_file() missing 1 required positional argument: 'ticker'
FIRST,0000712534,FIRST MERCHANTS CORP,6021,download_failed,
FIRST,0000712534,FIRST MERCHANTS CORP,6021,error,update_status_file() missing 1 required positional argument: 'ticker'
FIRST,0000702325,FIRST MIDWEST BANCORP INC,6021,download_failed,
FIRST,0000702325,FIRST MIDWEST BANCORP INC,6021,error,update_status_file() missing 1 required positional argument: 'ticker'
FIRST,0001051741,FIRST NIAGARA FINANCIAL GROUP INC,6021,download_failed,
FIRST,0001051741,FIRST NIAGARA FINANCIAL GROUP INC,6021,error,update_status_file() missing 1 required positional argument: 'ticker'
FIRST,0000036703,FIRST OF AMERICA BANK CORP /MI/,6021,download_failed,
FIRST,0000036703,FIRST OF AMERICA BANK CORP /MI/,6021,error,update_status_file() missing 1 required positional argument: 'ticker'
FIRST,0000740663,FIRST OF LONG ISLAND CORP,6021,download_failed,
FIRST,0000740663,FIRST OF LONG ISLAND CORP,6021,error,update_status_file() missing 1 required positional argument: 'ticker'
FIRST,0000855645,FIRST PATRIOT BANKSHARES CORP,6021,download_failed,
FIRST,0000855645,FIRST PATRIOT BANKSHARES CORP,6021,error,update_status_file() missing 1 required positional argument: 'ticker'
FIRST,0000779784,FIRST PHILSON FINANCIAL CORP,6021,download_failed,
FIRST,0000779784,FIRST PHILSON FINANCIAL CORP,6021,error,update_status_file() missing 1 required positional argument: 'ticker'
FIRST,0000354706,FIRST PULASKI NATIONAL CORP,6021,download_failed,
FIRST,0000354706,FIRST PULASKI NATIONAL CORP,6021,error,update_status_file() missing 1 required positional argument: 'ticker'
FIRST,0001172102,FIRST RELIANCE BANCSHARES INC,6021,download_failed,
FIRST,0001172102,FIRST RELIANCE BANCSHARES INC,6021,error,update_status_file() missing 1 required positional argument: 'ticker'
FIRST,0001138817,FIRST SECURITY GROUP INC/TN,6021,download_failed,
FIRST,0001138817,FIRST SECURITY GROUP INC/TN,6021,error,update_status_file() missing 1 required positional argument: 'ticker'
FIRST,0001156366,FIRST SOUTHERN BANCORP,6021,download_failed,
FIRST,0001156366,FIRST SOUTHERN BANCORP,6021,error,update_status_file() missing 1 required positional argument: 'ticker'
FIRST,0000820379,FIRST UNITED BANCORPORATION /SC/,6021,download_failed,
FIRST,0000820379,FIRST UNITED BANCORPORATION /SC/,6021,error,update_status_file() missing 1 required positional argument: 'ticker'
FIRST,0001266099,FIRST NATIONAL BANC INC,6021,download_failed,
FIRST,0001266099,FIRST NATIONAL BANC INC,6021,error,update_status_file() missing 1 required positional argument: 'ticker'
FIRST,0000351825,FIRST NATIONAL BANCORP /GA/,6021,download_failed,
FIRST,0000351825,FIRST NATIONAL BANCORP /GA/,6021,error,update_status_file() missing 1 required positional argument: 'ticker'
FIRST,0000788783,FIRST NATIONAL BANCORP INC /IL/,6021,download_failed,
FIRST,0000788783,FIRST NATIONAL BANCORP INC /IL/,6021,error,update_status_file() missing 1 required positional argument: 'ticker'
FIRST,0001095274,FIRST NATIONAL BANCSHARES INC /SC/,6021,download_failed,
FIRST,0001095274,FIRST NATIONAL BANCSHARES INC /SC/,6021,error,update_status_file() missing 1 required positional argument: 'ticker'
FIRST,0001067077,FIRST NATIONAL BANCSHARES INC/ FL/,6021,download_failed,
FIRST,0001067077,FIRST NATIONAL BANCSHARES INC/ FL/,6021,error,update_status_file() missing 1 required positional argument: 'ticker'
FIRST,0000808364,FIRST NATIONAL BANK CORP,6021,download_failed,
FIRST,0000808364,FIRST NATIONAL BANK CORP,6021,error,update_status_file() missing 1 required positional argument: 'ticker'
FIRST,0000814178,FIRST NATIONAL BANKSHARES CORP,6021,download_failed,
FIRST,0000814178,FIRST NATIONAL BANKSHARES CORP,6021,error,update_status_file() missing 1 required positional argument: 'ticker'
FIRST,0000700694,FIRST NATIONAL BANKSHARES INC/LA/,6021,download_failed,
FIRST,0000700694,FIRST NATIONAL BANKSHARES INC/LA/,6021,error,update_status_file() missing 1 required positional argument: 'ticker'
FIRST,0000036725,FIRST NATIONAL OF NEBRASKA INC,6021,download_failed,
FIRST,0000036725,FIRST NATIONAL OF NEBRASKA INC,6021,error,update_status_file() missing 1 required positional argument: 'ticker'
FIRST,0001075602,FIRST NBC CREDIT CARD MASTER TRUST,6021,download_failed,
FIRST,0001075602,FIRST NBC CREDIT CARD MASTER TRUST,6021,error,update_status_file() missing 1 required positional argument: 'ticker'
FIRST,0000763907,FIRST UNITED CORP/MD/,6021,download_failed,
FIRST,0000763907,FIRST UNITED CORP/MD/,6021,error,update_status_file() missing 1 required positional argument: 'ticker'
FIRST,0001137679,FIRST WASHINGTON FINANCIAL CORP,6021,download_failed,
FIRST,0001137679,FIRST WASHINGTON FINANCIAL CORP,6021,error,update_status_file() missing 1 required positional argument: 'ticker'
FIRST,0000740876,FIRST WESTERN BANCORP INC,6021,download_failed,
FIRST,0000740876,FIRST WESTERN BANCORP INC,6021,error,update_status_file() missing 1 required positional argument: 'ticker'
,0000037076,FIRSTAR CORP /WI/,6021,download_failed,
,0000037076,FIRSTAR CORP /WI/,6021,error,update_status_file() missing 1 required positional argument: 'ticker'
,0001011588,FIRSTBANCORPORATION INC,6021,download_failed,
,0001011588,FIRSTBANCORPORATION INC,6021,error,update_status_file() missing 1 required positional argument: 'ticker'
,0000074431,FIRSTIER FINANCIAL INC /NE/,6021,download_failed,
,0000074431,FIRSTIER FINANCIAL INC /NE/,6021,error,update_status_file() missing 1 required positional argument: 'ticker'
,0000354869,FIRSTMERIT CORP /OH/,6021,download_failed,
,0000354869,FIRSTMERIT CORP /OH/,6021,error,update_status_file() missing 1 required positional argument: 'ticker'
,0001709442,FIRSTSUN CAPITAL BANCORP,6021,download_failed,
,0001709442,FIRSTSUN CAPITAL BANCORP,6021,error,update_status_file() missing 1 required positional argument: 'ticker'
,0001243496,FLATBUSH FEDERAL BANCORP INC,6021,download_failed,
,0001243496,FLATBUSH FEDERAL BANCORP INC,6021,error,update_status_file() missing 1 required positional argument: 'ticker'
FLEET,0001027831,FLEET CAPITAL TRUST I,6021,download_failed,
FLEET,0001027831,FLEET CAPITAL TRUST I,6021,error,update_status_file() missing 1 required positional argument: 'ticker'
FNB,0000037808,FNB CORP/PA/,6021,download_failed,
FNB,0000037808,FNB CORP/PA/,6021,error,update_status_file() missing 1 required positional argument: 'ticker'
FNB,0000820222,FNB FINANCIAL CORP /PA/,6021,download_failed,
FNB,0000820222,FNB FINANCIAL CORP /PA/,6021,error,update_status_file() missing 1 required positional argument: 'ticker'
FNB,0000742679,FNB FINANCIAL SERVICES CORP,6021,download_failed,
FNB,0000742679,FNB FINANCIAL SERVICES CORP,6021,error,update_status_file() missing 1 required positional argument: 'ticker'
FNB,0000745087,FNB ROCHESTER CORP,6021,download_failed,
FNB,0000745087,FNB ROCHESTER CORP,6021,error,update_status_file() missing 1 required positional argument: 'ticker'
FNBG,0001275867,FNBG BANCSHARES INC,6021,download_failed,
FNBG,0001275867,FNBG BANCSHARES INC,6021,error,update_status_file() missing 1 required positional argument: 'ticker'
FNBH,0000943119,FNBH BANCORP INC,6021,download_failed,
FNBH,0000943119,FNBH BANCORP INC,6021,error,update_status_file() missing 1 required positional argument: 'ticker'
FNC,0000868573,FNC BANCORP INC,6021,download_failed,
FNC,0000868573,FNC BANCORP INC,6021,error,update_status_file() missing 1 required positional argument: 'ticker'
FNCB,0001035976,"FNCB Bancorp, Inc.",6021,download_failed,
FNCB,0001035976,"FNCB Bancorp, Inc.",6021,error,update_status_file() missing 1 required positional argument: 'ticker'
FORT,0000357269,FORT WAYNE NATIONAL CORP,6021,download_failed,
FORT,0000357269,FORT WAYNE NATIONAL CORP,6021,error,update_status_file() missing 1 required positional argument: 'ticker'
,0000038475,FOURTH FINANCIAL CORP,6021,download_failed,
,0000038475,FOURTH FINANCIAL CORP,6021,error,update_status_file() missing 1 required positional argument: 'ticker'
FLEET,0001027832,FLEET CAPITAL TRUST II,6021,download_failed,
FLEET,0001027832,FLEET CAPITAL TRUST II,6021,error,update_status_file() missing 1 required positional argument: 'ticker'
FLEET,0001027833,FLEET CAPITAL TRUST III,6021,download_failed,
FLEET,0001027833,FLEET CAPITAL TRUST III,6021,error,update_status_file() missing 1 required positional argument: 'ticker'
FLEET,0001027834,FLEET CAPITAL TRUST IV,6021,download_failed,
FLEET,0001027834,FLEET CAPITAL TRUST IV,6021,error,update_status_file() missing 1 required positional argument: 'ticker'
FLEET,0001027835,FLEET CAPITAL TRUST V,6021,download_failed,
FLEET,0001027835,FLEET CAPITAL TRUST V,6021,error,update_status_file() missing 1 required positional argument: 'ticker'
,0000050341,FLEETBOSTON FINANCIAL CORP,6021,download_failed,
,0000050341,FLEETBOSTON FINANCIAL CORP,6021,error,update_status_file() missing 1 required positional argument: 'ticker'
,0001058802,FLORIDA BANKS INC,6021,download_failed,
,0001058802,FLORIDA BANKS INC,6021,error,update_status_file() missing 1 required positional argument: 'ticker'
FMB,0001135374,FMB EQUIBANC INC,6021,download_failed,
FMB,0001135374,FMB EQUIBANC INC,6021,error,update_status_file() missing 1 required positional argument: 'ticker'
FNB,0001009162,FNB BANCSHARES INC /SC/,6021,download_failed,
FNB,0001009162,FNB BANCSHARES INC /SC/,6021,error,update_status_file() missing 1 required positional argument: 'ticker'
FNB,0000757262,FNB BANKING CO,6021,download_failed,
FNB,0000757262,FNB BANKING CO,6021,error,update_status_file() missing 1 required positional argument: 'ticker'
FNB,0001010961,FNB CORP \VA\,6021,download_failed,
FNB,0001010961,FNB CORP \VA\,6021,error,update_status_file() missing 1 required positional argument: 'ticker'
FPB,0001162245,FPB BANCORP INC,6021,download_failed,
FPB,0001162245,FPB BANCORP INC,6021,error,update_status_file() missing 1 required positional argument: 'ticker'
,0000875986,FRANKLIN BANCORPORATION INC,6021,download_failed,
,0000875986,FRANKLIN BANCORPORATION INC,6021,error,update_status_file() missing 1 required positional argument: 'ticker'
,0000846903,FRANKLIN FINANCIAL CORP /TN/,6021,download_failed,
,0000846903,FRANKLIN FINANCIAL CORP /TN/,6021,error,update_status_file() missing 1 required positional argument: 'ticker'
FRONT,0000813964,FRONT RANGE CAPITAL CORP,6021,download_failed,
FRONT,0000813964,FRONT RANGE CAPITAL CORP,6021,error,update_status_file() missing 1 required positional argument: 'ticker'
,0001059420,FRONTIER NATIONAL CORP,6021,download_failed,
,0001059420,FRONTIER NATIONAL CORP,6021,error,update_status_file() missing 1 required positional argument: 'ticker'
,0000850626,FULTON BANCSHARES CORP,6021,download_failed,
,0000850626,FULTON BANCSHARES CORP,6021,error,update_status_file() missing 1 required positional argument: 'ticker'
,0000700564,FULTON FINANCIAL CORP,6021,download_failed,
,0000700564,FULTON FINANCIAL CORP,6021,error,update_status_file() missing 1 required positional argument: 'ticker'
,0001105936,FUTURUS FINANCIAL SERVICES INC,6021,download_failed,
,0001105936,FUTURUS FINANCIAL SERVICES INC,6021,error,update_status_file() missing 1 required positional argument: 'ticker'
FVNB,0001057437,FVNB CORP,6021,download_failed,
FVNB,0001057437,FVNB CORP,6021,error,update_status_file() missing 1 required positional argument: 'ticker'
,0000765207,"First Bancorp, Inc /ME/",6021,download_failed,
,0000765207,"First Bancorp, Inc /ME/",6021,error,update_status_file() missing 1 required positional argument: 'ticker'
,0001283582,First Clover Leaf Financial Corp.,6021,download_failed,
,0001283582,First Clover Leaf Financial Corp.,6021,error,update_status_file() missing 1 required positional argument: 'ticker'
,0001128227,"First Federal of Northern Michigan Bancorp, Inc.",6021,download_failed,
,0001128227,"First Federal of Northern Michigan Bancorp, Inc.",6021,error,update_status_file() missing 1 required positional argument: 'ticker'
,0001445059,"First Perry Bancorp, Inc",6021,download_failed,
,0001445059,"First Perry Bancorp, Inc",6021,error,update_status_file() missing 1 required positional argument: 'ticker'
,0001156953,GATEWAY FINANCIAL HOLDINGS INC,6021,download_failed,
,0001156953,GATEWAY FINANCIAL HOLDINGS INC,6021,error,update_status_file() missing 1 required positional argument: 'ticker'
GBB,0001034981,GBB CAPITAL I,6021,download_failed,
GBB,0001034981,GBB CAPITAL I,6021,error,update_status_file() missing 1 required positional argument: 'ticker'
,0001132242,GEORGIAN BANCORPORATION,6021,download_failed,
,0001132242,GEORGIAN BANCORPORATION,6021,error,update_status_file() missing 1 required positional argument: 'ticker'
GLOBE,0001136645,GLOBE BANCORP INC,6021,download_failed,
GLOBE,0001136645,GLOBE BANCORP INC,6021,error,update_status_file() missing 1 required positional argument: 'ticker'
GOLD,0001015610,GOLD BANC CORP INC,6021,download_failed,
GOLD,0001015610,GOLD BANC CORP INC,6021,error,update_status_file() missing 1 required positional argument: 'ticker'
,0000828749,GOLDEN ISLES FINANCIAL HOLDINGS INC,6021,download_failed,
,0000828749,GOLDEN ISLES FINANCIAL HOLDINGS INC,6021,error,update_status_file() missing 1 required positional argument: 'ticker'
GRAND,0001013044,GRAND PREMIER FINANCIAL INC,6021,download_failed,
GRAND,0001013044,GRAND PREMIER FINANCIAL INC,6021,error,update_status_file() missing 1 required positional argument: 'ticker'
,0000763850,GRANGE NATIONAL BANC CORP,6021,download_failed,
,0000763850,GRANGE NATIONAL BANC CORP,6021,error,update_status_file() missing 1 required positional argument: 'ticker'
GREAT,0001088381,GREAT WESTERN BANCORPORATION INC,6021,download_failed,
GREAT,0001088381,GREAT WESTERN BANCORPORATION INC,6021,error,update_status_file() missing 1 required positional argument: 'ticker'
,0000775473,GREATER BAY BANCORP,6021,download_failed,
,0000775473,GREATER BAY BANCORP,6021,error,update_status_file() missing 1 required positional argument: 'ticker'
GREER,0001145547,GREER BANCSHARES INC,6021,download_failed,
GREER,0001145547,GREER BANCSHARES INC,6021,error,update_status_file() missing 1 required positional argument: 'ticker'
,0001058867,GUARANTY BANCSHARES INC /TX/,6021,download_failed,
,0001058867,GUARANTY BANCSHARES INC /TX/,6021,error,update_status_file() missing 1 required positional argument: 'ticker'
,0001606363,"Green Bancorp, Inc.",6021,download_failed,
,0001606363,"Green Bancorp, Inc.",6021,error,update_status_file() missing 1 required positional argument: 'ticker'
HANMI,0001109242,HANMI FINANCIAL CORP,6021,download_failed,
HANMI,0001109242,HANMI FINANCIAL CORP,6021,error,update_status_file() missing 1 required positional argument: 'ticker'
,0000702902,HARLEYSVILLE NATIONAL CORP,6021,download_failed,
,0000702902,HARLEYSVILLE NATIONAL CORP,6021,error,update_status_file() missing 1 required positional argument: 'ticker'
,0001107160,HARLEYSVILLE SAVINGS FINANCIAL CORP,6021,download_failed,
,0001107160,HARLEYSVILLE SAVINGS FINANCIAL CORP,6021,error,update_status_file() missing 1 required positional argument: 'ticker'
,0000805304,HAWAII NATIONAL BANCSHARES INC,6021,download_failed,
,0000805304,HAWAII NATIONAL BANCSHARES INC,6021,error,update_status_file() missing 1 required positional argument: 'ticker'
,0000893847,"HAWTHORN BANCSHARES, INC.",6021,download_failed,
,0000893847,"HAWTHORN BANCSHARES, INC.",6021,error,update_status_file() missing 1 required positional argument: 'ticker'
HCNB,0001078676,HCNB BANCORP INC,6021,download_failed,
HCNB,0001078676,HCNB BANCORP INC,6021,error,update_status_file() missing 1 required positional argument: 'ticker'
,0001073182,HEARTLAND BANCSHARES INC/FL,6021,download_failed,
,0001073182,HEARTLAND BANCSHARES INC/FL,6021,error,update_status_file() missing 1 required positional argument: 'ticker'
,0000878355,HENDERSON CITIZENS BANCSHARES INC,6021,download_failed,
,0000878355,HENDERSON CITIZENS BANCSHARES INC,6021,error,update_status_file() missing 1 required positional argument: 'ticker'
,0000843519,HERITAGE BANCSHARES INC /FLA/,6021,download_failed,
,0000843519,HERITAGE BANCSHARES INC /FLA/,6021,error,update_status_file() missing 1 required positional argument: 'ticker'
,0001126679,HERITAGE FINANCIAL HOLDING,6021,download_failed,
,0001126679,HERITAGE FINANCIAL HOLDING,6021,error,update_status_file() missing 1 required positional argument: 'ticker'
,0000047288,HIBERNIA CORP,6021,download_failed,
,0000047288,HIBERNIA CORP,6021,error,update_status_file() missing 1 required positional argument: 'ticker'
HIGH,0001161639,HIGH STREET CORP,6021,download_failed,
HIGH,0001161639,HIGH STREET CORP,6021,error,update_status_file() missing 1 required positional argument: 'ticker'
,0000355818,HOMELAND BANKSHARES CORP,6021,download_failed,
,0000355818,HOMELAND BANKSHARES CORP,6021,error,update_status_file() missing 1 required positional argument: 'ticker'
HOPE,0001128361,HOPE BANCORP INC,6021,download_failed,
HOPE,0001128361,HOPE BANCORP INC,6021,error,update_status_file() missing 1 required positional argument: 'ticker'
HSBC,0000083246,HSBC USA INC /MD/,6021,download_failed,
HSBC,0000083246,HSBC USA INC /MD/,6021,error,update_status_file() missing 1 required positional argument: 'ticker'
,0000049196,HUNTINGTON BANCSHARES INC /MD/,6021,download_failed,
,0000049196,HUNTINGTON BANCSHARES INC /MD/,6021,error,update_status_file() missing 1 required positional argument: 'ticker'
HURON,0000861617,HURON NATIONAL BANCORP INC,6021,download_failed,
HURON,0000861617,HURON NATIONAL BANCORP INC,6021,error,update_status_file() missing 1 required positional argument: 'ticker'
,0001433540,Home Federal Holdings CORP,6021,download_failed,
,0001433540,Home Federal Holdings CORP,6021,error,update_status_file() missing 1 required positional argument: 'ticker'
,0001302369,"Hometown Community Bancshares, Inc.",6021,download_failed,
,0001302369,"Hometown Community Bancshares, Inc.",6021,error,update_status_file() missing 1 required positional argument: 'ticker'
IBW,0001013274,IBW FINANCIAL CORP,6021,download_failed,
IBW,0001013274,IBW FINANCIAL CORP,6021,error,update_status_file() missing 1 required positional argument: 'ticker'
,0000318870,INDEPENDENT BANKSHARES INC,6021,download_failed,
,0000318870,INDEPENDENT BANKSHARES INC,6021,error,update_status_file() missing 1 required positional argument: 'ticker'
,0000846382,INDIAN RIVER BANKING COMPANY,6021,download_failed,
,0000846382,INDIAN RIVER BANKING COMPANY,6021,error,update_status_file() missing 1 required positional argument: 'ticker'
,0001103764,INTEGRITY BANCSHARES INC,6021,download_failed,
,0001103764,INTEGRITY BANCSHARES INC,6021,error,update_status_file() missing 1 required positional argument: 'ticker'
,0000755933,INTERCHANGE FINANCIAL SERVICES CORP /NJ/,6021,download_failed,
,0000755933,INTERCHANGE FINANCIAL SERVICES CORP /NJ/,6021,error,update_status_file() missing 1 required positional argument: 'ticker'
,0000091576,KEYCORP /NEW/,6021,download_failed,
,0000091576,KEYCORP /NEW/,6021,error,update_status_file() missing 1 required positional argument: 'ticker'
,0000717809,KEYSTONE FINANCIAL INC,6021,download_failed,
,0000717809,KEYSTONE FINANCIAL INC,6021,error,update_status_file() missing 1 required positional argument: 'ticker'
,0000715366,KEYSTONE HERITAGE GROUP INC,6021,download_failed,
,0000715366,KEYSTONE HERITAGE GROUP INC,6021,error,update_status_file() missing 1 required positional argument: 'ticker'
,0001060455,KILLBUCK BANCSHARES INC,6021,download_failed,
,0001060455,KILLBUCK BANCSHARES INC,6021,error,update_status_file() missing 1 required positional argument: 'ticker'
LAKE,0000723878,LAKE ARIEL BANCORP INC,6021,download_failed,
LAKE,0000723878,LAKE ARIEL BANCORP INC,6021,error,update_status_file() missing 1 required positional argument: 'ticker'
,0001141688,LANDMARK BANCORP INC,6021,download_failed,
,0001141688,LANDMARK BANCORP INC,6021,error,update_status_file() missing 1 required positional argument: 'ticker'
,0000842898,LANIER BANKSHARES INC,6021,download_failed,
,0000842898,LANIER BANKSHARES INC,6021,error,update_status_file() missing 1 required positional argument: 'ticker'
LCNB,0001074902,LCNB CORP,6021,download_failed,
LCNB,0001074902,LCNB CORP,6021,error,update_status_file() missing 1 required positional argument: 'ticker'
,0001057570,LIBERTY BANCORP INC /NJ/,6021,download_failed,
,0001057570,LIBERTY BANCORP INC /NJ/,6021,error,update_status_file() missing 1 required positional argument: 'ticker'
,0000737287,LIBERTY BANCORP INC /OK/,6021,download_failed,
,0000737287,LIBERTY BANCORP INC /OK/,6021,error,update_status_file() missing 1 required positional argument: 'ticker'
MAIN,0000839688,MAIN STREET BANKS INC,6021,download_failed,
MAIN,0000839688,MAIN STREET BANKS INC,6021,error,update_status_file() missing 1 required positional argument: 'ticker'
MAIN,0001164290,MAIN STREET BANKSHARES INC,6021,download_failed,
MAIN,0001164290,MAIN STREET BANKSHARES INC,6021,error,update_status_file() missing 1 required positional argument: 'ticker'
,0001094742,MAINSTREET BANKSHARES INC,6021,download_failed,
,0001094742,MAINSTREET BANKSHARES INC,6021,error,update_status_file() missing 1 required positional argument: 'ticker'
,0001047136,MARINE BANCSHARES INC,6021,download_failed,
,0001047136,MARINE BANCSHARES INC,6021,error,update_status_file() missing 1 required positional argument: 'ticker'
,0000062741,MARSHALL & ILSLEY CORP/WI/,6021,download_failed,
,0000062741,MARSHALL & ILSLEY CORP/WI/,6021,error,update_status_file() missing 1 required positional argument: 'ticker'
,0000742246,MATEWAN BANCSHARES INC,6021,download_failed,
,0000742246,MATEWAN BANCSHARES INC,6021,error,update_status_file() missing 1 required positional argument: 'ticker'
MB,0001139812,MB FINANCIAL INC /MD,6021,download_failed,
MB,0001139812,MB FINANCIAL INC /MD,6021,error,update_status_file() missing 1 required positional argument: 'ticker'
MBNA,0000870517,MBNA CORP,6021,download_failed,
MBNA,0000870517,MBNA CORP,6021,error,update_status_file() missing 1 required positional argument: 'ticker'
MBT,0001118237,MBT FINANCIAL CORP,6021,download_failed,
MBT,0001118237,MBT FINANCIAL CORP,6021,error,update_status_file() missing 1 required positional argument: 'ticker'
MCB,0000902789,MCB FINANCIAL CORP,6021,download_failed,
MCB,0000902789,MCB FINANCIAL CORP,6021,error,update_status_file() missing 1 required positional argument: 'ticker'
,0000064782,MELLON FINANCIAL CORP,6021,download_failed,
,0000064782,MELLON FINANCIAL CORP,6021,error,update_status_file() missing 1 required positional argument: 'ticker'
,0000317598,MELLON FUNDING CORP,6021,download_failed,
,0000317598,MELLON FUNDING CORP,6021,error,update_status_file() missing 1 required positional argument: 'ticker'
,0000064907,MERCANTILE BANCORPORATION INC,6021,download_failed,
,0000064907,MERCANTILE BANCORPORATION INC,6021,error,update_status_file() missing 1 required positional argument: 'ticker'
,0000707817,MERCHANTS BANCORP INC/DE/,6021,download_failed,
,0000707817,MERCHANTS BANCORP INC/DE/,6021,error,update_status_file() missing 1 required positional argument: 'ticker'
,0001024724,MERCHANTS BANCORP INC/OH,6021,download_failed,
,0001024724,MERCHANTS BANCORP INC/OH,6021,error,update_status_file() missing 1 required positional argument: 'ticker'
,0000723916,MERIDIAN BANCORP INC,6021,download_failed,
,0000723916,MERIDIAN BANCORP INC,6021,error,update_status_file() missing 1 required positional argument: 'ticker'
MERIT,0000873398,MERIT HOLDING CORP /GA,6021,download_failed,
MERIT,0000873398,MERIT HOLDING CORP /GA,6021,error,update_status_file() missing 1 required positional argument: 'ticker'
,0000065660,MICHIGAN NATIONAL CORP,6021,download_failed,
,0000065660,MICHIGAN NATIONAL CORP,6021,error,update_status_file() missing 1 required positional argument: 'ticker'
MID,0000357066,MID AM INC,6021,download_failed,
MID,0000357066,MID AM INC,6021,error,update_status_file() missing 1 required positional argument: 'ticker'
,0000914138,MIDDLEBURG FINANCIAL CORP,6021,download_failed,
,0000914138,MIDDLEBURG FINANCIAL CORP,6021,error,update_status_file() missing 1 required positional argument: 'ticker'
,0001169769,MONARCH COMMUNITY BANCORP INC,6021,download_failed,
,0001169769,MONARCH COMMUNITY BANCORP INC,6021,error,update_status_file() missing 1 required positional argument: 'ticker'
,0000908962,MONOCACY BANCSHARES INC,6021,download_failed,
,0000908962,MONOCACY BANCSHARES INC,6021,error,update_status_file() missing 1 required positional argument: 'ticker'
,0001200323,MOUNTAIN BANCSHARES INC,6021,download_failed,
,0001200323,MOUNTAIN BANCSHARES INC,6021,error,update_status_file() missing 1 required positional argument: 'ticker'
,0000898018,MOUNTAIN BANK HOLDING CO,6021,download_failed,
,0000898018,MOUNTAIN BANK HOLDING CO,6021,error,update_status_file() missing 1 required positional argument: 'ticker'
,0001177070,MOUNTAIN NATIONAL BANCSHARES INC,6021,download_failed,
,0001177070,MOUNTAIN NATIONAL BANCSHARES INC,6021,error,update_status_file() missing 1 required positional argument: 'ticker'
,0001276939,MOUNTAIN VALLEY BANCSHARES INC,6021,download_failed,
,0001276939,MOUNTAIN VALLEY BANCSHARES INC,6021,error,update_status_file() missing 1 required positional argument: 'ticker'
,0001135253,MOUNTAINBANK FINANCIAL CORP,6021,download_failed,
,0001135253,MOUNTAINBANK FINANCIAL CORP,6021,error,update_status_file() missing 1 required positional argument: 'ticker'
MUFG,0001011659,MUFG Americas Holdings Corp,6021,download_failed,
MUFG,0001011659,MUFG Americas Holdings Corp,6021,error,update_status_file() missing 1 required positional argument: 'ticker'
,0001060303,MURFREESBORO BANCORP INC,6021,download_failed,
,0001060303,MURFREESBORO BANCORP INC,6021,error,update_status_file() missing 1 required positional argument: 'ticker'
,0001074458,"Manasota Group, Inc.",6021,download_failed,
,0001074458,"Manasota Group, Inc.",6021,error,update_status_file() missing 1 required positional argument: 'ticker'
,0000793548,MIDLANTIC CORP,6021,download_failed,
,0000793548,MIDLANTIC CORP,6021,error,update_status_file() missing 1 required positional argument: 'ticker'
,0000745981,MIDSOUTH BANCORP INC,6021,download_failed,
,0000745981,MIDSOUTH BANCORP INC,6021,error,update_status_file() missing 1 required positional argument: 'ticker'
,0001051379,MIDWEST BANC HOLDINGS INC,6021,download_failed,
,0001051379,MIDWEST BANC HOLDINGS INC,6021,error,update_status_file() missing 1 required positional argument: 'ticker'
,0001158678,MILLENNIUM BANKSHARES CORP,6021,download_failed,
,0001158678,MILLENNIUM BANKSHARES CORP,6021,error,update_status_file() missing 1 required positional argument: 'ticker'
,0000889553,MINDEN BANCSHARES INC,6021,download_failed,
,0000889553,MINDEN BANCSHARES INC,6021,error,update_status_file() missing 1 required positional argument: 'ticker'
,0001169483,MISSION BANCORP,6021,download_failed,
,0001169483,MISSION BANCORP,6021,error,update_status_file() missing 1 required positional argument: 'ticker'
,0001129920,MISSION COMMUNITY BANCORP,6021,download_failed,
,0001129920,MISSION COMMUNITY BANCORP,6021,error,update_status_file() missing 1 required positional argument: 'ticker'
,0001335730,MIZUHO FINANCIAL GROUP INC,6021,download_failed,
,0001335730,MIZUHO FINANCIAL GROUP INC,6021,error,update_status_file() missing 1 required positional argument: 'ticker'
MNB,0000891284,MNB BANCSHARES INC,6021,download_failed,
MNB,0000891284,MNB BANCSHARES INC,6021,error,update_status_file() missing 1 required positional argument: 'ticker'
MNB,0001258548,MNB HOLDINGS CORP,6021,download_failed,
MNB,0001258548,MNB HOLDINGS CORP,6021,error,update_status_file() missing 1 required positional argument: 'ticker'
,0001387632,Manhattan Bancorp,6021,download_failed,
,0001387632,Manhattan Bancorp,6021,error,update_status_file() missing 1 required positional argument: 'ticker'
,0001289701,"Mercantile Bancorp, Inc.",6021,download_failed,
,0001289701,"Mercantile Bancorp, Inc.",6021,error,update_status_file() missing 1 required positional argument: 'ticker'
,0001600125,"Meridian Bancorp, Inc.",6021,download_failed,
,0001600125,"Meridian Bancorp, Inc.",6021,error,update_status_file() missing 1 required positional argument: 'ticker'
,0001750735,Meridian Corp,6021,download_failed,
,0001750735,Meridian Corp,6021,error,update_status_file() missing 1 required positional argument: 'ticker'
NAPA,0000700699,NAPA NATIONAL BANCORP,6021,download_failed,
NAPA,0000700699,NAPA NATIONAL BANCORP,6021,error,update_status_file() missing 1 required positional argument: 'ticker'
,0001056669,NATCOM BANCSHARES INC,6021,download_failed,
,0001056669,NATCOM BANCSHARES INC,6021,error,update_status_file() missing 1 required positional argument: 'ticker'
,0000833029,NATIONAL AUSTRALIA BANK LTD,6021,download_failed,
,0000833029,NATIONAL AUSTRALIA BANK LTD,6021,error,update_status_file() missing 1 required positional argument: 'ticker'
,0000705356,NATIONAL BANCORP OF ALASKA INC,6021,download_failed,
,0000705356,NATIONAL BANCORP OF ALASKA INC,6021,error,update_status_file() missing 1 required positional argument: 'ticker'
,0000790362,NATIONAL BANCSHARES CORP /OH/,6021,download_failed,
,0000790362,NATIONAL BANCSHARES CORP /OH/,6021,error,update_status_file() missing 1 required positional argument: 'ticker'
,0000069834,NATIONAL BANCSHARES CORP OF TEXAS,6021,download_failed,
,0000069834,NATIONAL BANCSHARES CORP OF TEXAS,6021,error,update_status_file() missing 1 required positional argument: 'ticker'
NBT,0000790359,NBT BANCORP INC,6021,download_failed,
NBT,0000790359,NBT BANCORP INC,6021,error,update_status_file() missing 1 required positional argument: 'ticker'
NEFFS,0000797838,NEFFS BANCORP INC,6021,download_failed,
NEFFS,0000797838,NEFFS BANCORP INC,6021,error,update_status_file() missing 1 required positional argument: 'ticker'
,0001180933,NEIGHBORS BANCSHARES INC,6021,download_failed,
,0001180933,NEIGHBORS BANCSHARES INC,6021,error,update_status_file() missing 1 required positional argument: 'ticker'
NEW,0001075945,NEW COMMERCE BANCORP,6021,download_failed,
NEW,0001075945,NEW COMMERCE BANCORP,6021,error,update_status_file() missing 1 required positional argument: 'ticker'
,0001264755,NEWALLIANCE BANCSHARES INC,6021,download_failed,
,0001264755,NEWALLIANCE BANCSHARES INC,6021,error,update_status_file() missing 1 required positional argument: 'ticker'
,0001157282,NEWNAN COWETA BANCSHARES INC,6021,download_failed,
,0001157282,NEWNAN COWETA BANCSHARES INC,6021,error,update_status_file() missing 1 required positional argument: 'ticker'
NHS,0001003084,NHS FINANCIAL INC,6021,download_failed,
NHS,0001003084,NHS FINANCIAL INC,6021,error,update_status_file() missing 1 required positional argument: 'ticker'
,0001174850,NICOLET BANKSHARES INC,6021,download_failed,
,0001174850,NICOLET BANKSHARES INC,6021,error,update_status_file() missing 1 required positional argument: 'ticker'
NORTH,0001135554,NORTH BANCORP INC,6021,download_failed,
NORTH,0001135554,NORTH BANCORP INC,6021,error,update_status_file() missing 1 required positional argument: 'ticker'
NORTH,0000754440,NORTH BAY BANCORP,6021,download_failed,
NORTH,0000754440,NORTH BAY BANCORP,6021,error,update_status_file() missing 1 required positional argument: 'ticker'
,0000912382,NATIONAL BANK OF INDIANAPOLIS CORP,6021,download_failed,
,0000912382,NATIONAL BANK OF INDIANAPOLIS CORP,6021,error,update_status_file() missing 1 required positional argument: 'ticker'
,0000796534,NATIONAL BANKSHARES INC,6021,download_failed,
,0000796534,NATIONAL BANKSHARES INC,6021,error,update_status_file() missing 1 required positional argument: 'ticker'
,0000069968,NATIONAL CITY BANCORPORATION,6021,download_failed,
,0000069968,NATIONAL CITY BANCORPORATION,6021,error,update_status_file() missing 1 required positional argument: 'ticker'
,0001116623,NATIONAL CITY BANK /,6021,download_failed,
,0001116623,NATIONAL CITY BANK /,6021,error,update_status_file() missing 1 required positional argument: 'ticker'
,0000069970,NATIONAL CITY CORP,6021,download_failed,
,0000069970,NATIONAL CITY CORP,6021,error,update_status_file() missing 1 required positional argument: 'ticker'
,0001163335,NATIONAL CITY VEHICLE RECEIVABLES INC,6021,download_failed,
,0001163335,NATIONAL CITY VEHICLE RECEIVABLES INC,6021,error,update_status_file() missing 1 required positional argument: 'ticker'
,0000101844,NATIONAL COMMERCE FINANCIAL CORP,6021,download_failed,
,0000101844,NATIONAL COMMERCE FINANCIAL CORP,6021,error,update_status_file() missing 1 required positional argument: 'ticker'
,0000700733,NATIONAL PENN BANCSHARES INC,6021,download_failed,
,0000700733,NATIONAL PENN BANCSHARES INC,6021,error,update_status_file() missing 1 required positional argument: 'ticker'
NB,0001026220,NB CAPITAL TRUST I,6021,download_failed,
NB,0001026220,NB CAPITAL TRUST I,6021,error,update_status_file() missing 1 required positional argument: 'ticker'
NB,0001026219,NB CAPITAL TRUST II,6021,download_failed,
NB,0001026219,NB CAPITAL TRUST II,6021,error,update_status_file() missing 1 required positional argument: 'ticker'
,0001109546,PACIFIC MERCANTILE BANCORP,6021,download_failed,
,0001109546,PACIFIC MERCANTILE BANCORP,6021,error,update_status_file() missing 1 required positional argument: 'ticker'
,0001133862,PACIFICA BANCORP INC,6021,download_failed,
,0001133862,PACIFICA BANCORP INC,6021,error,update_status_file() missing 1 required positional argument: 'ticker'
,0001102112,PACWEST BANCORP,6021,download_failed,
,0001102112,PACWEST BANCORP,6021,error,update_status_file() missing 1 required positional argument: 'ticker'
PARK,0000805676,PARK NATIONAL CORP /OH/,6021,download_failed,
PARK,0000805676,PARK NATIONAL CORP /OH/,6021,error,update_status_file() missing 1 required positional argument: 'ticker'
,0001163345,PARTNERS TRUST FINANCIAL GROUP INC,6021,download_failed,
,0001163345,PARTNERS TRUST FINANCIAL GROUP INC,6021,error,update_status_file() missing 1 required positional argument: 'ticker'
,0000907471,"PATHWARD FINANCIAL, INC.",6021,download_failed,
,0000907471,"PATHWARD FINANCIAL, INC.",6021,error,update_status_file() missing 1 required positional argument: 'ticker'
,0001098146,PATRIOT NATIONAL BANCORP INC,6021,download_failed,
,0001098146,PATRIOT NATIONAL BANCORP INC,6021,error,update_status_file() missing 1 required positional argument: 'ticker'
,0001037652,PELICAN FINANCIAL INC,6021,download_failed,
,0001037652,PELICAN FINANCIAL INC,6021,error,update_status_file() missing 1 required positional argument: 'ticker'
PEMI,0000768868,PEMI BANCORP INC,6021,download_failed,
PEMI,0000768868,PEMI BANCORP INC,6021,error,update_status_file() missing 1 required positional argument: 'ticker'
,0000790988,PENNROCK FINANCIAL SERVICES CORP,6021,download_failed,
,0000790988,PENNROCK FINANCIAL SERVICES CORP,6021,error,update_status_file() missing 1 required positional argument: 'ticker'
OIL,0001132338,OIL SERVICE HOLDRS TRUST,6021,download_failed,
OIL,0001132338,OIL SERVICE HOLDRS TRUST,6021,error,update_status_file() missing 1 required positional argument: 'ticker'
OLD,0000707179,OLD NATIONAL BANCORP /IN/,6021,download_failed,
OLD,0000707179,OLD NATIONAL BANCORP /IN/,6021,error,update_status_file() missing 1 required positional argument: 'ticker'
OLD,0000740971,OLD POINT FINANCIAL CORP,6021,download_failed,
OLD,0000740971,OLD POINT FINANCIAL CORP,6021,error,update_status_file() missing 1 required positional argument: 'ticker'
OMEGA,0000705671,OMEGA FINANCIAL CORP /PA/,6021,download_failed,
OMEGA,0000705671,OMEGA FINANCIAL CORP /PA/,6021,error,update_status_file() missing 1 required positional argument: 'ticker'
,0000801443,ORANGE NATIONAL BANCORP,6021,download_failed,
,0000801443,ORANGE NATIONAL BANCORP,6021,error,update_status_file() missing 1 required positional argument: 'ticker'
,0001216128,OREGON PACIFIC BANCORP,6021,download_failed,
,0001216128,OREGON PACIFIC BANCORP,6021,error,update_status_file() missing 1 required positional argument: 'ticker'
,0001398006,"Oak Ridge Financial Services, Inc.",6021,download_failed,
,0001398006,"Oak Ridge Financial Services, Inc.",6021,error,update_status_file() missing 1 required positional argument: 'ticker'
,0001362599,"Omni Financial Services, Inc.",6021,download_failed,
,0001362599,"Omni Financial Services, Inc.",6021,error,update_status_file() missing 1 required positional argument: 'ticker'
,0001288855,"OptimumBank Holdings, Inc.",6021,download_failed,
,0001288855,"OptimumBank Holdings, Inc.",6021,error,update_status_file() missing 1 required positional argument: 'ticker'
,0001084717,PACIFIC CONTINENTAL CORP,6021,download_failed,
,0001084717,PACIFIC CONTINENTAL CORP,6021,error,update_status_file() missing 1 required positional argument: 'ticker'
,0001113026,PIONEER BANKSHARES INC/VA,6021,download_failed,
,0001113026,PIONEER BANKSHARES INC/VA,6021,error,update_status_file() missing 1 required positional argument: 'ticker'
PNC,0001008932,PNC BANK NATIONAL ASSOCIATION/,6021,download_failed,
PNC,0001008932,PNC BANK NATIONAL ASSOCIATION/,6021,error,update_status_file() missing 1 required positional argument: 'ticker'
PNC,0000713676,"PNC FINANCIAL SERVICES GROUP, INC.",6021,download_failed,
PNC,0000713676,"PNC FINANCIAL SERVICES GROUP, INC.",6021,error,update_status_file() missing 1 required positional argument: 'ticker'
,0000825534,PORTSMOUTH BANK SHARES INC,6021,download_failed,
,0000825534,PORTSMOUTH BANK SHARES INC,6021,error,update_status_file() missing 1 required positional argument: 'ticker'
,0000797541,PREMIER BANKSHARES CORP,6021,download_failed,
,0000797541,PREMIER BANKSHARES CORP,6021,error,update_status_file() missing 1 required positional argument: 'ticker'
,0000854399,PREMIER COMMUNITY BANKSHARES INC,6021,download_failed,
,0000854399,PREMIER COMMUNITY BANKSHARES INC,6021,error,update_status_file() missing 1 required positional argument: 'ticker'
,0000776848,PREMIER NATIONAL BANCORP INC,6021,download_failed,
,0000776848,PREMIER NATIONAL BANCORP INC,6021,error,update_status_file() missing 1 required positional argument: 'ticker'
,0001102287,PREMIERWEST BANCORP,6021,download_failed,
,0001102287,PREMIERWEST BANCORP,6021,error,update_status_file() missing 1 required positional argument: 'ticker'
,0000707855,PRINCETON NATIONAL BANCORP INC,6021,download_failed,
,0000707855,PRINCETON NATIONAL BANCORP INC,6021,error,update_status_file() missing 1 required positional argument: 'ticker'
,0001035713,PROVIDIAN FINANCIAL CORP,6021,download_failed,
,0001035713,PROVIDIAN FINANCIAL CORP,6021,error,update_status_file() missing 1 required positional argument: 'ticker'
PSB,0001235091,PSB GROUP INC,6021,download_failed,
PSB,0001235091,PSB GROUP INC,6021,error,update_status_file() missing 1 required positional argument: 'ticker'
,0001089624,PULASKI BANCORP INC,6021,download_failed,
,0001089624,PULASKI BANCORP INC,6021,error,update_status_file() missing 1 required positional argument: 'ticker'
,0001302502,Pacific Coast National Bancorp,6021,download_failed,
,0001302502,Pacific Coast National Bancorp,6021,error,update_status_file() missing 1 required positional argument: 'ticker'
,0001358462,Premier Commercial Bancorp,6021,download_failed,
,0001358462,Premier Commercial Bancorp,6021,error,update_status_file() missing 1 required positional argument: 'ticker'
,0001630856,Professional Holding Corp.,6021,download_failed,
,0001630856,Professional Holding Corp.,6021,error,update_status_file() missing 1 required positional argument: 'ticker'
,0000811434,RARITAN BANCORP INC,6021,download_failed,
,0000811434,RARITAN BANCORP INC,6021,error,update_status_file() missing 1 required positional argument: 'ticker'
RBC,0000861461,RBC CENTURA BANKS INC,6021,download_failed,
RBC,0000861461,RBC CENTURA BANKS INC,6021,error,update_status_file() missing 1 required positional argument: 'ticker'
,0000840007,REDWOOD EMPIRE BANCORP,6021,download_failed,
,0000840007,REDWOOD EMPIRE BANCORP,6021,error,update_status_file() missing 1 required positional argument: 'ticker'
,0000846979,REGENT BANCSHARES CORP,6021,download_failed,
,0000846979,REGENT BANCSHARES CORP,6021,error,update_status_file() missing 1 required positional argument: 'ticker'
,0001113671,REGIONAL BANK HOLDERS SM TRUST,6021,download_failed,
,0001113671,REGIONAL BANK HOLDERS SM TRUST,6021,error,update_status_file() missing 1 required positional argument: 'ticker'
,0001135513,REGIONAL BANKSHARES INC,6021,download_failed,
,0001135513,REGIONAL BANKSHARES INC,6021,error,update_status_file() missing 1 required positional argument: 'ticker'
,0000036032,REGIONS FINANCIAL CORP,6021,download_failed,
,0000036032,REGIONS FINANCIAL CORP,6021,error,update_status_file() missing 1 required positional argument: 'ticker'
,0001281761,REGIONS FINANCIAL CORP,6021,download_failed,
,0001281761,REGIONS FINANCIAL CORP,6021,error,update_status_file() missing 1 required positional argument: 'ticker'
,0000202995,REPUBLIC CORP /TX/,6021,download_failed,
,0000202995,REPUBLIC CORP /TX/,6021,error,update_status_file() missing 1 required positional argument: 'ticker'
,0001065002,RESOURCE BANKSHARES CORP,6021,download_failed,
,0001065002,RESOURCE BANKSHARES CORP,6021,error,update_status_file() missing 1 required positional argument: 'ticker'
,0001076298,RESOURCE CAPITAL TRUST I,6021,download_failed,
,0001076298,RESOURCE CAPITAL TRUST I,6021,error,update_status_file() missing 1 required positional argument: 'ticker'
,0001134636,RETAIL HOLDRS TRUST,6021,download_failed,
,0001134636,RETAIL HOLDRS TRUST,6021,error,update_status_file() missing 1 required positional argument: 'ticker'
RIGGS,0000350847,RIGGS NATIONAL CORP,6021,download_failed,
RIGGS,0000350847,RIGGS NATIONAL CORP,6021,error,update_status_file() missing 1 required positional argument: 'ticker'
,0001067315,RIVERWAY HOLDINGS INC,6021,download_failed,
,0001067315,RIVERWAY HOLDINGS INC,6021,error,update_status_file() missing 1 required positional argument: 'ticker'
,0001160861,RIVOLI BANCORP INC,6021,download_failed,
,0001160861,RIVOLI BANCORP INC,6021,error,update_status_file() missing 1 required positional argument: 'ticker'
,0001094635,SECURITY FINANCIAL BANCORP INC,6021,download_failed,
,0001094635,SECURITY FINANCIAL BANCORP INC,6021,error,update_status_file() missing 1 required positional argument: 'ticker'
,0001110511,SEMICONDUCTOR HOLDRS TRUST,6021,download_failed,
,0001110511,SEMICONDUCTOR HOLDRS TRUST,6021,error,update_status_file() missing 1 required positional argument: 'ticker'
,0000868271,SEVERN BANCORP INC,6021,download_failed,
,0000868271,SEVERN BANCORP INC,6021,error,update_status_file() missing 1 required positional argument: 'ticker'
,0000823393,SHAWMUT NATIONAL CORP,6021,download_failed,
,0000823393,SHAWMUT NATIONAL CORP,6021,error,update_status_file() missing 1 required positional argument: 'ticker'
,0001263043,SHINHAN FINANCIAL GROUP CO LTD,6021,download_failed,
,0001263043,SHINHAN FINANCIAL GROUP CO LTD,6021,error,update_status_file() missing 1 required positional argument: 'ticker'
SHORE,0001035092,SHORE BANCSHARES INC,6021,download_failed,
SHORE,0001035092,SHORE BANCSHARES INC,6021,error,update_status_file() missing 1 required positional argument: 'ticker'
,0000822697,SHORELINE FINANCIAL CORP,6021,download_failed,
,0000822697,SHORELINE FINANCIAL CORP,6021,error,update_status_file() missing 1 required positional argument: 'ticker'
,0000009659,SIGNET BANKING CORP,6021,download_failed,
,0000009659,SIGNET BANKING CORP,6021,error,update_status_file() missing 1 required positional argument: 'ticker'
,0000090498,SIMMONS FIRST NATIONAL CORP,6021,download_failed,
,0000090498,SIMMONS FIRST NATIONAL CORP,6021,error,update_status_file() missing 1 required positional argument: 'ticker'
SKY,0000855876,SKY FINANCIAL GROUP INC,6021,download_failed,
SKY,0000855876,SKY FINANCIAL GROUP INC,6021,error,update_status_file() missing 1 required positional argument: 'ticker'
,0001083286,SKYLANDS FINANCIAL CORP,6021,download_failed,
,0001083286,SKYLANDS FINANCIAL CORP,6021,error,update_status_file() missing 1 required positional argument: 'ticker'
,0000884782,SLIPPERY ROCK FINANCIAL CORP,6021,download_failed,
,0000884782,SLIPPERY ROCK FINANCIAL CORP,6021,error,update_status_file() missing 1 required positional argument: 'ticker'
,0001038773,SMARTFINANCIAL INC.,6021,download_failed,
,0001038773,SMARTFINANCIAL INC.,6021,error,update_status_file() missing 1 required positional argument: 'ticker'
SNB,0001293314,SNB Bancshares Inc,6021,download_failed,
SNB,0001293314,SNB Bancshares Inc,6021,error,update_status_file() missing 1 required positional argument: 'ticker'
,0001108824,SOMERSET TRUST HOLDING CO,6021,download_failed,
,0001108824,SOMERSET TRUST HOLDING CO,6021,error,update_status_file() missing 1 required positional argument: 'ticker'
,0001120427,SONOMA VALLEY BANCORP,6021,download_failed,
,0001120427,SONOMA VALLEY BANCORP,6021,error,update_status_file() missing 1 required positional argument: 'ticker'
,0001279756,SOUTHCREST FINANCIAL GROUP INC,6021,download_failed,
,0001279756,SOUTHCREST FINANCIAL GROUP INC,6021,error,update_status_file() missing 1 required positional argument: 'ticker'
,0001171017,SOUTHERN COMMUNITY BANCSHARES INC /GA,6021,download_failed,
,0001171017,SOUTHERN COMMUNITY BANCSHARES INC /GA,6021,error,update_status_file() missing 1 required positional argument: 'ticker'
,0001137046,SOUTHERN CONNECTICUT BANCORP INC,6021,download_failed,
,0001137046,SOUTHERN CONNECTICUT BANCORP INC,6021,error,update_status_file() missing 1 required positional argument: 'ticker'
,0000849951,SOUTHERN CRESCENT FINANCIAL CORP,6021,download_failed,
,0000849951,SOUTHERN CRESCENT FINANCIAL CORP,6021,error,update_status_file() missing 1 required positional argument: 'ticker'
,0001090009,SOUTHERN FIRST BANCSHARES INC,6021,download_failed,
,0001090009,SOUTHERN FIRST BANCSHARES INC,6021,error,update_status_file() missing 1 required positional argument: 'ticker'
,0001056238,SOUTHERN HERITAGE BANCORP INC,6021,download_failed,
,0001056238,SOUTHERN HERITAGE BANCORP INC,6021,error,update_status_file() missing 1 required positional argument: 'ticker'
,0000092081,SOUTHTRUST CORP,6021,download_failed,
,0000092081,SOUTHTRUST CORP,6021,error,update_status_file() missing 1 required positional argument: 'ticker'
,0000844884,SOUTHWEST BANKS INC,6021,download_failed,
,0000844884,SOUTHWEST BANKS INC,6021,error,update_status_file() missing 1 required positional argument: 'ticker'
,0001275873,SOUTHWEST COMMUNITY BANCORP,6021,download_failed,
,0001275873,SOUTHWEST COMMUNITY BANCORP,6021,error,update_status_file() missing 1 required positional argument: 'ticker'
,0000092440,SOUTHWEST NATIONAL CORP,6021,download_failed,
,0000092440,SOUTHWEST NATIONAL CORP,6021,error,update_status_file() missing 1 required positional argument: 'ticker'
,0000825042,SPRING BANCORP INC,6021,download_failed,
,0000825042,SPRING BANCORP INC,6021,error,update_status_file() missing 1 required positional argument: 'ticker'
STAR,0000036678,STAR BANC CORP /OH/,6021,download_failed,
STAR,0000036678,STAR BANC CORP /OH/,6021,error,update_status_file() missing 1 required positional argument: 'ticker'
,0000093451,STERLING BANCORP,6021,download_failed,
,0000093451,STERLING BANCORP,6021,error,update_status_file() missing 1 required positional argument: 'ticker'
,0001070154,STERLING BANCORP,6021,download_failed,
,0001070154,STERLING BANCORP,6021,error,update_status_file() missing 1 required positional argument: 'ticker'
,0000811671,STERLING FINANCIAL CORP /PA/,6021,download_failed,
,0000811671,STERLING FINANCIAL CORP /PA/,6021,error,update_status_file() missing 1 required positional argument: 'ticker'
,0001166362,STURGIS BANCORP INC,6021,download_failed,
,0001166362,STURGIS BANCORP INC,6021,error,update_status_file() missing 1 required positional argument: 'ticker'
,0000768177,SUBURBAN BANCSHARES INC,6021,download_failed,
,0000768177,SUBURBAN BANCSHARES INC,6021,error,update_status_file() missing 1 required positional argument: 'ticker'
,0001009569,SUCCESS BANCSHARES INC,6021,download_failed,
,0001009569,SUCCESS BANCSHARES INC,6021,error,update_status_file() missing 1 required positional argument: 'ticker'
,0001060504,SUCCESS CAPITAL TRUST I,6021,download_failed,
,0001060504,SUCCESS CAPITAL TRUST I,6021,error,update_status_file() missing 1 required positional argument: 'ticker'
,0000754673,SUFFOLK BANCORP,6021,download_failed,
,0000754673,SUFFOLK BANCORP,6021,error,update_status_file() missing 1 required positional argument: 'ticker'
,0000101320,SUMMIT BANCORP/NJ/,6021,download_failed,
,0000101320,SUMMIT BANCORP/NJ/,6021,error,update_status_file() missing 1 required positional argument: 'ticker'
,0000745344,SUMMIT BANCSHARES INC /TX/,6021,download_failed,
,0000745344,SUMMIT BANCSHARES INC /TX/,6021,error,update_status_file() missing 1 required positional argument: 'ticker'
,0000856223,SUMMIT FINANCIAL CORP,6021,download_failed,
,0000856223,SUMMIT FINANCIAL CORP,6021,error,update_status_file() missing 1 required positional argument: 'ticker'
SUN,0001105880,SUN BANCSHARES INC,6021,download_failed,
SUN,0001105880,SUN BANCSHARES INC,6021,error,update_status_file() missing 1 required positional argument: 'ticker'
,0001072695,SUNCOAST BANCORP INC,6021,download_failed,
,0001072695,SUNCOAST BANCORP INC,6021,error,update_status_file() missing 1 required positional argument: 'ticker'
,0000750556,SUNTRUST BANKS INC,6021,download_failed,
,0000750556,SUNTRUST BANKS INC,6021,error,update_status_file() missing 1 required positional argument: 'ticker'
,0001037959,SUNTRUST CAPITAL I,6021,download_failed,
,0001037959,SUNTRUST CAPITAL I,6021,error,update_status_file() missing 1 required positional argument: 'ticker'
,0001055167,SUNTRUST CAPITAL IV,6021,download_failed,
,0001055167,SUNTRUST CAPITAL IV,6021,error,update_status_file() missing 1 required positional argument: 'ticker'
,0001162294,SUNTRUST CAPITAL V,6021,download_failed,
,0001162294,SUNTRUST CAPITAL V,6021,error,update_status_file() missing 1 required positional argument: 'ticker'
,0000784932,SURETY CAPITAL CORP /DE/,6021,download_failed,
,0000784932,SURETY CAPITAL CORP /DE/,6021,error,update_status_file() missing 1 required positional argument: 'ticker'
,0000700863,SUSQUEHANNA BANCSHARES INC,6021,download_failed,
,0000700863,SUSQUEHANNA BANCSHARES INC,6021,error,update_status_file() missing 1 required positional argument: 'ticker'
,0000018349,SYNOVUS FINANCIAL CORP,6021,download_failed,
,0000018349,SYNOVUS FINANCIAL CORP,6021,error,update_status_file() missing 1 required positional argument: 'ticker'
,0000811830,"Santander Holdings USA, Inc.",6021,download_failed,
,0000811830,"Santander Holdings USA, Inc.",6021,error,update_status_file() missing 1 required positional argument: 'ticker'
,0001357231,"Solera National Bancorp, Inc.",6021,download_failed,
,0001357231,"Solera National Bancorp, Inc.",6021,error,update_status_file() missing 1 required positional argument: 'ticker'
,0001385090,"SouthEast Bancshares, Inc.",6021,download_failed,
,0001385090,"SouthEast Bancshares, Inc.",6021,error,update_status_file() missing 1 required positional argument: 'ticker'
,0001301093,"Southern Heritage Bancshares, Inc.",6021,download_failed,
,0001301093,"Southern Heritage Bancshares, Inc.",6021,error,update_status_file() missing 1 required positional argument: 'ticker'
,0001332626,"State National Bancshares, Inc.",6021,download_failed,
,0001332626,"State National Bancshares, Inc.",6021,error,update_status_file() missing 1 required positional argument: 'ticker'
,0001473844,"Stellar Bancorp, Inc.",6021,download_failed,
,0001473844,"Stellar Bancorp, Inc.",6021,error,update_status_file() missing 1 required positional argument: 'ticker'
T,0001272754,"T Bancshares, Inc.",6021,download_failed,
T,0001272754,"T Bancshares, Inc.",6021,error,update_status_file() missing 1 required positional argument: 'ticker'
,0001360683,"TALMER BANCORP, INC.",6021,download_failed,
,0001360683,"TALMER BANCORP, INC.",6021,error,update_status_file() missing 1 required positional argument: 'ticker'
,0001048435,TARPON COAST BANCORP INC,6021,download_failed,
,0001048435,TARPON COAST BANCORP INC,6021,error,update_status_file() missing 1 required positional argument: 'ticker'
TCF,0000814184,TCF FINANCIAL CORP,6021,download_failed,
TCF,0000814184,TCF FINANCIAL CORP,6021,error,update_status_file() missing 1 required positional argument: 'ticker'
TCF,0000019612,TCF FINANCIAL CORP,6021,download_failed,
TCF,0000019612,TCF FINANCIAL CORP,6021,error,update_status_file() missing 1 required positional argument: 'ticker'
TEAM,0001082484,TEAM FINANCIAL INC /KS,6021,download_failed,
TEAM,0001082484,TEAM FINANCIAL INC /KS,6021,error,update_status_file() missing 1 required positional argument: 'ticker'
TEJAS,0000776618,TEJAS BANCSHARES INC,6021,download_failed,
TEJAS,0000776618,TEJAS BANCSHARES INC,6021,error,update_status_file() missing 1 required positional argument: 'ticker'
,0001172678,TEMECULA VALLEY BANCORP INC,6021,download_failed,
,0001172678,TEMECULA VALLEY BANCORP INC,6021,error,update_status_file() missing 1 required positional argument: 'ticker'
,0001175158,TENNESSEE VALLEY FINANCIAL HOLDINGS INC,6021,download_failed,
,0001175158,TENNESSEE VALLEY FINANCIAL HOLDINGS INC,6021,error,update_status_file() missing 1 required positional argument: 'ticker'
TEXAS,0001169238,TEXAS UNITED BANCSHARES INC,6021,download_failed,
TEXAS,0001169238,TEXAS UNITED BANCSHARES INC,6021,error,update_status_file() missing 1 required positional argument: 'ticker'
TGR,0001551286,"TGR Financial, Inc.",6021,download_failed,
TGR,0001551286,"TGR Financial, Inc.",6021,error,update_status_file() missing 1 required positional argument: 'ticker'
,0000944468,THOMASVILLE BANCSHARES INC,6021,download_failed,
,0000944468,THOMASVILLE BANCSHARES INC,6021,error,update_status_file() missing 1 required positional argument: 'ticker'
,0001178409,TIDELANDS BANCSHARES INC,6021,download_failed,
,0001178409,TIDELANDS BANCSHARES INC,6021,error,update_status_file() missing 1 required positional argument: 'ticker'
TRANS,0000704469,TRANS FINANCIAL INC,6021,download_failed,
TRANS,0000704469,TRANS FINANCIAL INC,6021,error,update_status_file() missing 1 required positional argument: 'ticker'
,0001140249,TRANSCOMMUNITY FINANCIAL CORP,6021,download_failed,
,0001140249,TRANSCOMMUNITY FINANCIAL CORP,6021,error,update_status_file() missing 1 required positional argument: 'ticker'
TRI,0001010398,TRI STATE 1ST BANK INC,6021,download_failed,
TRI,0001010398,TRI STATE 1ST BANK INC,6021,error,update_status_file() missing 1 required positional argument: 'ticker'
,0000099771,TRINITY CAPITAL CORP,6021,download_failed,
,0000099771,TRINITY CAPITAL CORP,6021,error,update_status_file() missing 1 required positional argument: 'ticker'
TROY,0001075046,TROY FINANCIAL CORP,6021,download_failed,
TROY,0001075046,TROY FINANCIAL CORP,6021,error,update_status_file() missing 1 required positional argument: 'ticker'
,0000092230,TRUIST FINANCIAL CORP,6021,download_failed,
,0000092230,TRUIST FINANCIAL CORP,6021,error,update_status_file() missing 1 required positional argument: 'ticker'
,0000036146,TRUSTMARK CORP,6021,download_failed,
,0000036146,TRUSTMARK CORP,6021,error,update_status_file() missing 1 required positional argument: 'ticker'
,0000859632,TYSONS FINANCIAL CORP,6021,download_failed,
,0000859632,TYSONS FINANCIAL CORP,6021,error,update_status_file() missing 1 required positional argument: 'ticker'
,0001403008,"Touchmark Bancshares, Inc.",6021,download_failed,
,0001403008,"Touchmark Bancshares, Inc.",6021,error,update_status_file() missing 1 required positional argument: 'ticker'
UBS,0001114446,UBS AG,6021,download_failed,
UBS,0001114446,UBS AG,6021,error,update_status_file() missing 1 required positional argument: 'ticker'
UBS,0001610520,UBS Group AG,6021,download_failed,
UBS,0001610520,UBS Group AG,6021,error,update_status_file() missing 1 required positional argument: 'ticker'
UMB,0000101382,UMB FINANCIAL CORP,6021,download_failed,
UMB,0000101382,UMB FINANCIAL CORP,6021,error,update_status_file() missing 1 required positional argument: 'ticker'
UNION,0000919871,UNION NATIONAL BANCORP INC,6021,download_failed,
UNION,0000919871,UNION NATIONAL BANCORP INC,6021,error,update_status_file() missing 1 required positional argument: 'ticker'
UNION,0000874482,UNION NATIONAL FINANCIAL CORP / PA,6021,download_failed,
UNION,0000874482,UNION NATIONAL FINANCIAL CORP / PA,6021,error,update_status_file() missing 1 required positional argument: 'ticker'
UNION,0000100893,UNION PLANTERS CORP,6021,download_failed,
UNION,0000100893,UNION PLANTERS CORP,6021,error,update_status_file() missing 1 required positional argument: 'ticker'
,0001087456,UNITED BANCSHARES INC/OH,6021,download_failed,
,0001087456,UNITED BANCSHARES INC/OH,6021,error,update_status_file() missing 1 required positional argument: 'ticker'
,0000916709,UNITED COMMUNITY BANCSHARES INC,6021,download_failed,
,0000916709,UNITED COMMUNITY BANCSHARES INC,6021,error,update_status_file() missing 1 required positional argument: 'ticker'
,0000831959,UNITED NATIONAL BANCORP,6021,download_failed,
,0000831959,UNITED NATIONAL BANCORP,6021,error,update_status_file() missing 1 required positional argument: 'ticker'
,0001137547,UNITED SECURITY BANCSHARES,6021,download_failed,
,0001137547,UNITED SECURITY BANCSHARES,6021,error,update_status_file() missing 1 required positional argument: 'ticker'
UNITY,0001054929,UNITY HOLDINGS INC,6021,download_failed,
UNITY,0001054929,UNITY HOLDINGS INC,6021,error,update_status_file() missing 1 required positional argument: 'ticker'
,0000746481,UNIZAN FINANCIAL CORP,6021,download_failed,
,0000746481,UNIZAN FINANCIAL CORP,6021,error,update_status_file() missing 1 required positional argument: 'ticker'
US,0000101542,US BANCORP /OR/,6021,download_failed,
US,0000101542,US BANCORP /OR/,6021,error,update_status_file() missing 1 required positional argument: 'ticker'
US,0000036104,US BANCORP \DE\,6021,download_failed,
US,0000036104,US BANCORP \DE\,6021,error,update_status_file() missing 1 required positional argument: 'ticker'
ZIONS,0000109380,"ZIONS BANCORPORATION, NATIONAL ASSOCIATION /UT/",6021,download_failed,
ZIONS,0000109380,"ZIONS BANCORPORATION, NATIONAL ASSOCIATION /UT/",6021,error,update_status_file() missing 1 required positional argument: 'ticker'
,0001443217,"United Business Holdings, Inc",6021,download_failed,
,0001443217,"United Business Holdings, Inc",6021,error,update_status_file() missing 1 required positional argument: 'ticker'
,0000714310,VALLEY NATIONAL BANCORP,6021,download_failed,
,0000714310,VALLEY NATIONAL BANCORP,6021,error,update_status_file() missing 1 required positional argument: 'ticker'
,0000744471,VENTURA COUNTY NATIONAL BANCORP,6021,download_failed,
,0000744471,VENTURA COUNTY NATIONAL BANCORP,6021,error,update_status_file() missing 1 required positional argument: 'ticker'
VIB,0001051345,VIB CORP,6021,download_failed,
VIB,0001051345,VIB CORP,6021,error,update_status_file() missing 1 required positional argument: 'ticker'
,0000715148,VILLAGE BANCORP INC /CT/,6021,download_failed,
,0000715148,VILLAGE BANCORP INC /CT/,6021,error,update_status_file() missing 1 required positional argument: 'ticker'
,0000840256,VINEYARD NATIONAL BANCORP,6021,download_failed,
,0000840256,VINEYARD NATIONAL BANCORP,6021,error,update_status_file() missing 1 required positional argument: 'ticker'
,0000862077,VIRGINIA COMMONWEALTH FINANCIAL CORP,6021,download_failed,
,0000862077,VIRGINIA COMMONWEALTH FINANCIAL CORP,6021,error,update_status_file() missing 1 required positional argument: 'ticker'
VISTA,0000831979,VISTA BANCORP INC,6021,download_failed,
VISTA,0000831979,VISTA BANCORP INC,6021,error,update_status_file() missing 1 required positional argument: 'ticker'
,0001572334,Virginia National Bankshares Corp,6021,download_failed,
,0001572334,Virginia National Bankshares Corp,6021,error,update_status_file() missing 1 required positional argument: 'ticker'
,0000036995,WACHOVIA CORP NEW,6021,download_failed,
,0000036995,WACHOVIA CORP NEW,6021,error,update_status_file() missing 1 required positional argument: 'ticker'
,0001406251,WESTERN LIBERTY BANCORP,6021,download_failed,
,0001406251,WESTERN LIBERTY BANCORP,6021,error,update_status_file() missing 1 required positional argument: 'ticker'
WGNB,0001115568,WGNB CORP,6021,download_failed,
WGNB,0001115568,WGNB CORP,6021,error,update_status_file() missing 1 required positional argument: 'ticker'
,0000106926,WHITNEY HOLDING CORP,6021,download_failed,
,0000106926,WHITNEY HOLDING CORP,6021,error,update_status_file() missing 1 required positional argument: 'ticker'
,0000885275,WILSON BANK HOLDING CO,6021,download_failed,
,0000885275,WILSON BANK HOLDING CO,6021,error,update_status_file() missing 1 required positional argument: 'ticker'
,0001124146,WIRELESS HOLDRS TRUST,6021,download_failed,
,0001124146,WIRELESS HOLDRS TRUST,6021,error,update_status_file() missing 1 required positional argument: 'ticker'
,0000350572,WORTHEN BANKING CORP,6021,download_failed,
,0000350572,WORTHEN BANKING CORP,6021,error,update_status_file() missing 1 required positional argument: 'ticker'
WSFS,0000828944,WSFS FINANCIAL CORP,6021,download_failed,
WSFS,0000828944,WSFS FINANCIAL CORP,6021,error,update_status_file() missing 1 required positional argument: 'ticker'
,0001294171,"Woodforest Financial Group,Inc.",6021,download_failed,
,0001294171,"Woodforest Financial Group,Inc.",6021,error,update_status_file() missing 1 required positional argument: 'ticker'
,0001143155,"Xenith Bankshares, Inc.",6021,download_failed,
,0001143155,"Xenith Bankshares, Inc.",6021,error,update_status_file() missing 1 required positional argument: 'ticker'
,0000787849,YARDVILLE NATIONAL BANCORP,6021,download_failed,
,0000787849,YARDVILLE NATIONAL BANCORP,6021,error,update_status_file() missing 1 required positional argument: 'ticker'
,0000774203,WACHOVIA CORP/ NC,6021,download_failed,
,0000774203,WACHOVIA CORP/ NC,6021,error,update_status_file() missing 1 required positional argument: 'ticker'
WAFD,0000936528,WAFD INC,6021,download_failed,
WAFD,0000936528,WAFD INC,6021,error,update_status_file() missing 1 required positional argument: 'ticker'
,0001089830,WEBSTER CITY FEDERAL BANCORP,6021,download_failed,
,0001089830,WEBSTER CITY FEDERAL BANCORP,6021,error,update_status_file() missing 1 required positional argument: 'ticker'
,0000801337,WEBSTER FINANCIAL CORP,6021,download_failed,
,0000801337,WEBSTER FINANCIAL CORP,6021,error,update_status_file() missing 1 required positional argument: 'ticker'
WELLS,0000105598,WELLS FARGO & CO,6021,download_failed,
WELLS,0000105598,WELLS FARGO & CO,6021,error,update_status_file() missing 1 required positional argument: 'ticker'
WELLS,0000072971,WELLS FARGO & COMPANY/MN,6021,download_failed,
WELLS,0000072971,WELLS FARGO & COMPANY/MN,6021,error,update_status_file() missing 1 required positional argument: 'ticker'
,0000203596,WESBANCO INC,6021,download_failed,
,0000203596,WESBANCO INC,6021,error,update_status_file() missing 1 required positional argument: 'ticker'
WEST,0001157294,WEST METRO FINANCIAL SERVICES INC,6021,download_failed,
WEST,0001157294,WEST METRO FINANCIAL SERVICES INC,6021,error,update_status_file() missing 1 required positional argument: 'ticker'
WEST,0000351155,WEST ONE BANCORP,6021,download_failed,
WEST,0000351155,WEST ONE BANCORP,6021,error,update_status_file() missing 1 required positional argument: 'ticker'
,0000311094,WESTAMERICA BANCORPORATION,6021,download_failed,
,0000311094,WESTAMERICA BANCORPORATION,6021,error,update_status_file() missing 1 required positional argument: 'ticker'
